G2B_목록번호,G2B_목록명,캠퍼스,취득일자,취득금액,정리일자,운용부서,운용상태,내용연수,수량,승인상태,취득정리구분,운용부서코드,비고
5610170325114372,책상,서울,2022-04-13,97461000,2022-04-22,경상대학RC행정팀(ERICA),취득,9,16,확정,자체제작,C364,
4321150724355228,데스크톱컴퓨터,ERICA,2022-06-18,2538000,2022-06-29,소프트웨어융합대학RC행정팀(ERICA),취득,5,1,확정,자체구입,C354,행정 업무용 데스크톱
5611210824917370,책상용콤비의자,서울,2025-12-18,2115000,2025-12-30,시설팀(ERICA),취득,10,5,확정,자체구입,A351,사무환경 개선
4321150324510198,노트북컴퓨터,서울,2020-04-02,2066000,2020-04-16,소프트웨어융합대학RC행정팀(ERICA),취득,6,4,확정,자체구입,C354,
4321150724158946,데스크톱컴퓨터,서울,2024-03-29,2735000,2024-04-03,공학대학RC행정팀(ERICA),취득,5,5,확정,자체구입,C352,
4321190224407366,LCD패널또는모니터,서울,2024-09-05,2165000,2024-09-13,학생지원팀(ERICA),취득,5,4,확정,기증,A320,
4321150324510198,노트북컴퓨터,서울,2023-06-09,523000,2023-06-22,학생지원팀(ERICA),취득,6,1,확정,자체구입,A320,
4321190224407366,LCD패널또는모니터,서울,2023-08-01,979000,2023-08-12,공학대학RC행정팀(ERICA),취득,5,2,확정,자체구입,C352,
4321150324343967,노트북컴퓨터,서울,2023-09-13,3622000,2023-09-19,소프트웨어융합대학RC행정팀(ERICA),취득,6,3,확정,자체구입,C354,교수·연구원 업무용
5611210224128496,작업용의자,서울,2025-01-05,4303000,2025-01-18,시설팀(ERICA),취득,8,46,확정,자체구입,A351,
4411191125460962,인터랙티브화이트보드및액세서리,ERICA,2024-02-24,88566000,2024-02-29,경상대학RC행정팀(ERICA),취득,7,4,확정,자체구입,C364,
4321150724355228,데스크톱컴퓨터,ERICA,2017-07-23,8514000,2017-07-29,학생지원팀(ERICA),취득,5,3,확정,자체구입,A320,
4321150324510198,노트북컴퓨터,ERICA,2017-01-05,16322000,2017-01-16,소프트웨어융합대학RC행정팀(ERICA),취득,6,30,확정,자체구입,C354,
4321150324343967,노트북컴퓨터,서울,2015-07-27,5837000,2015-07-31,경상대학RC행정팀(ERICA),취득,6,5,확정,자체구입,C364,
4321150724158946,데스크톱컴퓨터,ERICA,2018-01-18,1795000,2018-01-30,글로벌문화통상대학RC행정팀(ERICA),취득,5,3,확정,자체구입,C360,
4321150724355228,데스크톱컴퓨터,서울,2024-02-19,2625000,2024-02-26,경상대학RC행정팀(ERICA),취득,5,1,확정,자체구입,C364,
4321150324510198,노트북컴퓨터,서울,2023-03-22,1686000,2023-03-31,학생지원팀(ERICA),취득,6,3,확정,자체제작,A320,
4321150724355228,데스크톱컴퓨터,ERICA,2022-10-14,10834000,2022-10-28,시설팀(ERICA),취득,5,4,확정,자체구입,A351,
4321171124204348,스캐너,ERICA,2025-02-01,17410000,2025-02-08,시설팀(ERICA),취득,6,3,확정,자체구입,A351,
4321150324510198,노트북컴퓨터,ERICA,2015-07-12,1139000,2015-07-23,경상대학RC행정팀(ERICA),취득,6,2,확정,자체구입,C364,
4321150724355228,데스크톱컴퓨터,ERICA,2025-07-15,9782000,2025-07-22,공학대학RC행정팀(ERICA),취득,5,4,확정,자체구입,C352,
4321150324510198,노트북컴퓨터,ERICA,2020-06-23,20682000,2020-06-27,시설팀(ERICA),취득,6,40,확정,자체구입,A351,학과 공용 전산 자산
4411191125460962,인터랙티브화이트보드및액세서리,서울,2021-12-21,45349000,2022-01-04,공학대학RC행정팀(ERICA),취득,7,2,확정,자체구입,C352,
4321150324510198,노트북컴퓨터,서울,2025-10-13,14417000,2025-10-20,학생지원팀(ERICA),취득,6,27,확정,자체구입,A320,
4321150724158946,데스크톱컴퓨터,서울,2016-09-12,2282000,2016-09-15,소프트웨어융합대학RC행정팀(ERICA),취득,5,4,확정,자체구입,C354,연구실 분석 업무용
4321150324510198,노트북컴퓨터,서울,2020-09-06,538000,2020-09-20,공학대학RC행정팀(ERICA),취득,6,1,확정,자체구입,C352,
4321190224407366,LCD패널또는모니터,ERICA,2018-07-01,506000,2018-07-07,학생지원팀(ERICA),취득,5,1,확정,자체구입,A320,
5610170325114372,책상,서울,2015-05-16,23762000,2015-05-20,글로벌문화통상대학RC행정팀(ERICA),취득,9,4,확정,자체구입,C360,
4321190224407366,LCD패널또는모니터,서울,2020-10-12,1052000,2020-10-16,경상대학RC행정팀(ERICA),취득,5,2,확정,자체구입,C364,
5611210224128496,작업용의자,서울,2019-01-08,4969000,2019-01-11,소프트웨어융합대학RC행정팀(ERICA),취득,8,50,확정,자체구입,C354,
4321210523858386,레이저프린터,서울,2020-01-31,7200000,2020-02-12,학생지원팀(ERICA),취득,6,2,확정,자체구입,A320,
5610170325114372,책상,서울,2018-08-06,19773000,2018-08-09,경상대학RC행정팀(ERICA),취득,9,3,확정,자체구입,C364,
4321150724355228,데스크톱컴퓨터,ERICA,2024-02-01,10925000,2024-02-12,경상대학RC행정팀(ERICA),취득,5,4,확정,자체구입,C364,
4321190224407366,LCD패널또는모니터,ERICA,2023-07-21,1502000,2023-08-02,공학대학RC행정팀(ERICA),취득,5,3,확정,자체구입,C352,
4321210523858386,레이저프린터,서울,2021-11-09,17703000,2021-11-18,시설팀(ERICA),취득,6,5,확정,자체구입,A351,
4321210523858386,레이저프린터,서울,2023-06-08,13106000,2023-06-18,학생지원팀(ERICA),취득,6,4,확정,자체구입,A320,
4321150724158946,데스크톱컴퓨터,ERICA,2025-02-13,2474000,,소프트웨어융합대학RC행정팀(ERICA),취득,5,5,대기,자체구입,C354,
4321190224407366,LCD패널또는모니터,ERICA,2018-04-07,994000,2018-04-19,공학대학RC행정팀(ERICA),취득,5,2,확정,자체구입,C352,
4321150724355228,데스크톱컴퓨터,ERICA,2015-10-25,11461000,2015-11-01,공학대학RC행정팀(ERICA),취득,5,4,확정,자체구입,C352,
4321150724158946,데스크톱컴퓨터,ERICA,2022-03-28,2345000,2022-04-02,학생지원팀(ERICA),취득,5,4,확정,자체구입,A320,
4321150324343967,노트북컴퓨터,ERICA,2025-02-06,5672000,,소프트웨어융합대학RC행정팀(ERICA),취득,6,5,대기,자체구입,C354,
5611210824917370,책상용콤비의자,ERICA,2024-04-13,13241000,2024-04-17,공학대학RC행정팀(ERICA),취득,10,29,확정,자체구입,C352,
4321190224407366,LCD패널또는모니터,ERICA,2019-06-28,2795000,2019-07-06,글로벌문화통상대학RC행정팀(ERICA),취득,5,5,확정,자체구입,C360,
4321210523858386,레이저프린터,ERICA,2021-04-21,17084000,2021-04-24,학생지원팀(ERICA),취득,6,5,확정,자체구입,A320,
4321190224407366,LCD패널또는모니터,서울,2019-02-18,540000,2019-02-24,학생지원팀(ERICA),취득,5,1,확정,자체구입,A320,
5611210824917370,책상용콤비의자,서울,2021-09-29,503000,2021-10-13,공학대학RC행정팀(ERICA),취득,10,1,확정,기증,C352,
4322330822060848,네트워크시스템장비용랙,서울,2023-12-27,2824000,2024-01-08,시설팀(ERICA),취득,10,3,확정,자체구입,A351,
4321150724158946,데스크톱컴퓨터,ERICA,2017-11-14,1099000,2017-11-17,소프트웨어융합대학RC행정팀(ERICA),취득,5,2,확정,자체구입,C354,
4321171124204348,스캐너,서울,2023-08-07,5642000,2023-08-17,학생지원팀(ERICA),취득,6,1,확정,자체구입,A320,
4321150724158946,데스크톱컴퓨터,ERICA,2023-03-15,2364000,2023-03-18,공학대학RC행정팀(ERICA),취득,5,4,확정,자체구입,C352,
4321150724355228,데스크톱컴퓨터,서울,2024-10-20,10597000,2024-11-02,학생지원팀(ERICA),취득,5,4,확정,자체구입,A320,
5611210824917370,책상용콤비의자,ERICA,2016-07-02,1815000,2016-07-09,시설팀(ERICA),취득,10,4,확정,자체구입,A351,
4320180323809899,하드디스크드라이브,서울,2024-01-14,22079000,2024-01-21,학생지원팀(ERICA),취득,7,4,확정,자체구입,A320,
4321150724355228,데스크톱컴퓨터,서울,2017-06-15,13271000,2017-06-21,학생지원팀(ERICA),취득,5,5,확정,자체구입,A320,
5612179825616834,칠판보조장,서울,2015-10-11,10006000,2015-10-15,경상대학RC행정팀(ERICA),취득,7,1,확정,자체구입,C364,
4321150724355228,데스크톱컴퓨터,서울,2022-10-25,9904000,2022-11-01,소프트웨어융합대학RC행정팀(ERICA),취득,5,4,확정,자체구입,C354,
4321150324343967,노트북컴퓨터,ERICA,2017-11-21,1026000,2017-12-01,소프트웨어융합대학RC행정팀(ERICA),취득,6,1,확정,자체구입,C354,
4411191125460962,인터랙티브화이트보드및액세서리,ERICA,2021-10-12,46396000,2021-10-24,공학대학RC행정팀(ERICA),취득,7,2,확정,자체구입,C352,
4321150324510198,노트북컴퓨터,서울,2023-02-07,524000,2023-02-10,학생지원팀(ERICA),취득,6,1,확정,자체구입,A320,
4322260923908131,네트워크라우터,ERICA,2015-10-28,2196000,2015-11-03,시설팀(ERICA),취득,9,4,확정,자체구입,A351,
5610170325114372,책상,서울,2022-10-13,6201000,2022-10-22,공학대학RC행정팀(ERICA),취득,9,1,확정,자체구입,C352,
4321150324343967,노트북컴퓨터,서울,2017-03-12,4974000,2017-03-22,소프트웨어융합대학RC행정팀(ERICA),취득,6,4,확정,자체구입,C354,
4321150324343967,노트북컴퓨터,ERICA,2017-12-20,3156000,2017-12-30,학생지원팀(ERICA),취득,6,3,확정,자체구입,A320,
5611210224128496,작업용의자,서울,2016-08-09,462000,2016-08-21,경상대학RC행정팀(ERICA),취득,8,5,확정,자체구입,C364,사무환경 개선
5611210224128496,작업용의자,서울,2024-12-26,444000,2025-01-07,소프트웨어융합대학RC행정팀(ERICA),취득,8,5,확정,기증,C354,
4321150724355228,데스크톱컴퓨터,ERICA,2023-08-20,2521000,2023-08-25,학생지원팀(ERICA),취득,5,1,확정,자체구입,A320,
4321150724355228,데스크톱컴퓨터,ERICA,2016-08-15,9690000,2016-08-20,소프트웨어융합대학RC행정팀(ERICA),취득,5,4,확정,자체구입,C354,
4321150324343967,노트북컴퓨터,ERICA,2020-10-27,2127000,2020-11-05,학생지원팀(ERICA),취득,6,2,확정,자체구입,A320,
4320180323809899,하드디스크드라이브,ERICA,2018-10-24,28905000,2018-11-02,학생지원팀(ERICA),취득,7,5,확정,자체구입,A320,
4321150324343967,노트북컴퓨터,서울,2015-05-16,3637000,,시설팀(ERICA),취득,6,3,반려,자체구입,A351,예산 초과로 인한 반려
5611210224128496,작업용의자,서울,2021-03-10,468000,2021-03-20,공학대학RC행정팀(ERICA),취득,8,5,확정,자체구입,C352,
4321171124204348,스캐너,ERICA,2023-03-15,21328000,2023-03-20,공학대학RC행정팀(ERICA),취득,6,4,확정,자체구입,C352,
4321210523858386,레이저프린터,서울,2017-10-14,13815000,2017-10-28,시설팀(ERICA),취득,6,4,확정,자체구입,A351,
4321150724355228,데스크톱컴퓨터,서울,2025-12-25,7787000,2026-01-05,소프트웨어융합대학RC행정팀(ERICA),취득,5,3,확정,자체구입,C354,
4321150324343967,노트북컴퓨터,ERICA,2015-04-01,4405000,2015-04-14,소프트웨어융합대학RC행정팀(ERICA),취득,6,4,확정,자체구입,C354,
4321210523858386,레이저프린터,서울,2017-12-02,10256000,2017-12-09,시설팀(ERICA),취득,6,3,확정,자체구입,A351,
5612179825616834,칠판보조장,ERICA,2016-10-02,33660000,2016-10-15,공학대학RC행정팀(ERICA),취득,7,3,확정,자체구입,C352,
4321150324510198,노트북컴퓨터,서울,2019-01-07,2809000,2019-01-16,공학대학RC행정팀(ERICA),취득,6,5,확정,자체구입,C352,
5611210224128496,작업용의자,서울,2020-04-05,276000,2020-04-09,소프트웨어융합대학RC행정팀(ERICA),취득,8,3,확정,자체구입,C354,
5611210824917370,책상용콤비의자,서울,2018-02-20,12880000,2018-02-28,글로벌문화통상대학RC행정팀(ERICA),취득,10,30,확정,자체구입,C360,
4322260923908131,네트워크라우터,ERICA,2025-05-04,545000,2025-05-07,시설팀(ERICA),취득,9,1,확정,자체구입,A351,
4321150324343967,노트북컴퓨터,서울,2016-06-17,3212000,2016-06-24,공학대학RC행정팀(ERICA),취득,6,3,확정,자체구입,C352,
4321150324510198,노트북컴퓨터,ERICA,2023-12-11,563000,2023-12-25,경상대학RC행정팀(ERICA),취득,6,1,확정,자체구입,C364,
4321150724158946,데스크톱컴퓨터,ERICA,2020-09-18,2702000,2020-09-23,학생지원팀(ERICA),취득,5,5,확정,자체구입,A320,
4322330822060848,네트워크시스템장비용랙,ERICA,2021-02-09,2456000,2021-02-13,시설팀(ERICA),취득,10,3,확정,자체구입,A351,
4411191125460962,인터랙티브화이트보드및액세서리,ERICA,2026-02-06,24549000,2026-02-08,경상대학RC행정팀(ERICA),취득,7,1,확정,자체구입,C364,
4321150324343967,노트북컴퓨터,서울,2022-05-12,5113000,2022-05-20,글로벌문화통상대학RC행정팀(ERICA),취득,6,5,확정,자체구입,C360,
4321150324343967,노트북컴퓨터,ERICA,2018-08-11,3268000,2018-08-16,학생지원팀(ERICA),취득,6,3,확정,자체구입,A320,
5611210224128496,작업용의자,서울,2024-02-17,378000,2024-02-22,소프트웨어융합대학RC행정팀(ERICA),취득,8,4,확정,기증,C354,
4322260923908131,네트워크라우터,ERICA,2018-10-06,2439000,2018-10-18,시설팀(ERICA),취득,9,5,확정,자체구입,A351,
4322330822060848,네트워크시스템장비용랙,서울,2025-05-26,3717000,,공학대학RC행정팀(ERICA),취득,10,4,대기,자체구입,C352,
4321150324343967,노트북컴퓨터,ERICA,2019-04-24,3644000,2019-05-02,경상대학RC행정팀(ERICA),취득,6,3,확정,기증,C364,
4321150324343967,노트북컴퓨터,ERICA,2020-08-03,2344000,2020-08-09,공학대학RC행정팀(ERICA),취득,6,2,확정,자체구입,C352,
4321150724158946,데스크톱컴퓨터,ERICA,2023-09-05,1509000,2023-09-16,학생지원팀(ERICA),취득,5,3,확정,기증,A320,
4321150324343967,노트북컴퓨터,ERICA,2021-07-17,4095000,2021-07-21,학생지원팀(ERICA),취득,6,4,확정,자체구입,A320,교수·연구원 업무용
4321210523858386,레이저프린터,서울,2023-09-08,10448000,2023-09-19,학생지원팀(ERICA),취득,6,3,확정,자체구입,A320,
4321150724355228,데스크톱컴퓨터,ERICA,2025-05-23,7200000,,소프트웨어융합대학RC행정팀(ERICA),취득,5,3,대기,자체구입,C354,
4321150724355228,데스크톱컴퓨터,서울,2020-01-24,7852000,2020-02-07,학생지원팀(ERICA),취득,5,3,확정,자체구입,A320,
5611210824917370,책상용콤비의자,서울,2018-02-03,508000,2018-02-15,공학대학RC행정팀(ERICA),취득,10,1,확정,자체구입,C352,
4321150724355228,데스크톱컴퓨터,서울,2025-07-18,2581000,2025-07-24,학생지원팀(ERICA),취득,5,1,확정,자체구입,A320,
4321210523858386,레이저프린터,ERICA,2025-04-18,6740000,2025-04-21,공학대학RC행정팀(ERICA),취득,6,2,확정,자체구입,C352,
4321190224407366,LCD패널또는모니터,ERICA,2022-11-21,1981000,2022-11-28,학생지원팀(ERICA),취득,5,4,확정,자체구입,A320,
4321190224407366,LCD패널또는모니터,ERICA,2015-07-01,1016000,2015-07-07,학생지원팀(ERICA),취득,5,2,확정,자체구입,A320,
5612179825616834,칠판보조장,ERICA,2023-01-27,11395000,2023-02-05,소프트웨어융합대학RC행정팀(ERICA),취득,7,1,확정,자체구입,C354,
4321150324510198,노트북컴퓨터,서울,2022-07-25,18722000,2022-08-04,시설팀(ERICA),취득,6,31,확정,자체구입,A351,
4321150724355228,데스크톱컴퓨터,ERICA,2022-12-23,7341000,2022-12-31,공학대학RC행정팀(ERICA),취득,5,3,확정,자체구입,C352,
4321150324510198,노트북컴퓨터,서울,2016-10-23,2779000,2016-11-05,학생지원팀(ERICA),취득,6,5,확정,자체구입,A320,
5610170325114372,책상,ERICA,2018-10-10,32293000,2018-10-16,학생지원팀(ERICA),취득,9,5,확정,자체구입,A320,
5611210824917370,책상용콤비의자,서울,2020-04-25,20700000,2020-05-01,경상대학RC행정팀(ERICA),취득,10,41,확정,자체구입,C364,
4321150324510198,노트북컴퓨터,서울,2024-12-03,20368000,2024-12-09,공학대학RC행정팀(ERICA),취득,6,36,확정,자체구입,C352,
4321150324510198,노트북컴퓨터,ERICA,2020-10-13,2218000,2020-10-22,학생지원팀(ERICA),취득,6,4,확정,자체구입,A320,
4321150724158946,데스크톱컴퓨터,서울,2018-01-08,1082000,2018-01-14,학생지원팀(ERICA),취득,5,2,확정,자체구입,A320,
4321150724355228,데스크톱컴퓨터,서울,2017-07-26,7885000,2017-08-03,소프트웨어융합대학RC행정팀(ERICA),취득,5,3,확정,자체구입,C354,
5610170325114372,책상,ERICA,2023-07-20,117942000,2023-07-25,소프트웨어융합대학RC행정팀(ERICA),취득,9,21,확정,기증,C354,
5611210824917370,책상용콤비의자,서울,2023-07-18,1963000,2023-07-25,경상대학RC행정팀(ERICA),취득,10,4,확정,자체구입,C364,
4321150724158946,데스크톱컴퓨터,서울,2022-08-30,2968000,2022-09-03,시설팀(ERICA),취득,5,5,확정,자체구입,A351,
4321150324510198,노트북컴퓨터,ERICA,2025-02-23,12392000,,경상대학RC행정팀(ERICA),취득,6,22,대기,자체구입,C364,
4321171124204348,스캐너,서울,2021-12-10,15900000,2021-12-18,시설팀(ERICA),취득,6,3,확정,자체구입,A351,
4321150724355228,데스크톱컴퓨터,ERICA,2015-05-07,4845000,2015-05-21,공학대학RC행정팀(ERICA),취득,5,2,확정,자체구입,C352,
4321210523858386,레이저프린터,ERICA,2023-05-10,12982000,2023-05-22,학생지원팀(ERICA),취득,6,4,확정,자체구입,A320,
4321210523858386,레이저프린터,서울,2024-11-09,3553000,,시설팀(ERICA),취득,6,1,대기,자체구입,A351,
5611210224128496,작업용의자,서울,2024-11-07,4362000,2024-11-10,소프트웨어융합대학RC행정팀(ERICA),취득,8,46,확정,자체구입,C354,
4322260923908131,네트워크라우터,ERICA,2019-01-28,1017000,2019-02-10,시설팀(ERICA),취득,9,2,확정,자체구입,A351,
4321171124204348,스캐너,ERICA,2019-04-13,26183000,2019-04-27,학생지원팀(ERICA),취득,6,5,확정,자체구입,A320,
5611210824917370,책상용콤비의자,ERICA,2016-03-10,21017000,2016-03-20,공학대학RC행정팀(ERICA),취득,10,48,확정,자체구입,C352,
4321210523858386,레이저프린터,서울,2019-12-28,16450000,2020-01-08,시설팀(ERICA),취득,6,5,확정,자체구입,A351,
4321150324343967,노트북컴퓨터,ERICA,2015-12-09,5451000,2015-12-12,경상대학RC행정팀(ERICA),취득,6,5,확정,자체구입,C364,
4322330822060848,네트워크시스템장비용랙,서울,2020-08-19,1842000,2020-08-22,시설팀(ERICA),취득,10,2,확정,자체구입,A351,
4321150724158946,데스크톱컴퓨터,ERICA,2015-04-17,2081000,2015-05-01,소프트웨어융합대학RC행정팀(ERICA),취득,5,4,확정,자체구입,C354,
4322330822060848,네트워크시스템장비용랙,서울,2018-02-26,4575000,2018-03-09,시설팀(ERICA),취득,10,5,확정,자체구입,A351,
5612179825616834,칠판보조장,서울,2019-03-10,10289000,2019-03-24,소프트웨어융합대학RC행정팀(ERICA),취득,7,1,확정,자체구입,C354,강의실 기자재 보강
5611210224128496,작업용의자,서울,2016-10-10,419000,2016-10-20,공학대학RC행정팀(ERICA),취득,8,5,확정,자체구입,C352,
5611210224128496,작업용의자,ERICA,2021-12-08,2087000,2021-12-12,소프트웨어융합대학RC행정팀(ERICA),취득,8,23,확정,자체구입,C354,
4321210523858386,레이저프린터,서울,2015-07-11,10523000,2015-07-21,학생지원팀(ERICA),취득,6,3,확정,자체구입,A320,행정 문서 출력용
4321210523858386,레이저프린터,ERICA,2023-04-19,6370000,2023-04-28,시설팀(ERICA),취득,6,2,확정,자체구입,A351,
4321150324510198,노트북컴퓨터,서울,2025-08-17,13796000,2025-08-29,학생지원팀(ERICA),취득,6,25,확정,자체구입,A320,
4321150724158946,데스크톱컴퓨터,ERICA,2017-01-04,1637000,2017-01-11,시설팀(ERICA),취득,5,3,확정,자체구입,A351,행정 업무용 데스크톱
4321150324343967,노트북컴퓨터,ERICA,2020-05-24,3704000,2020-06-07,시설팀(ERICA),취득,6,3,확정,기증,A351,
4321150724355228,데스크톱컴퓨터,서울,2025-03-10,12478000,2025-03-18,경상대학RC행정팀(ERICA),취득,5,5,확정,자체구입,C364,
4321150324343967,노트북컴퓨터,서울,2021-04-22,1186000,2021-04-27,경상대학RC행정팀(ERICA),취득,6,1,확정,자체구입,C364,
4322330822060848,네트워크시스템장비용랙,ERICA,2020-09-01,3250000,2020-09-05,시설팀(ERICA),취득,10,4,확정,자체구입,A351,
4321150324510198,노트북컴퓨터,ERICA,2022-10-09,2743000,2022-10-14,공학대학RC행정팀(ERICA),취득,6,5,확정,자체구입,C352,
4321150724355228,데스크톱컴퓨터,ERICA,2017-05-18,2795000,2017-05-31,학생지원팀(ERICA),취득,5,1,확정,자체구입,A320,
4322260923908131,네트워크라우터,서울,2019-04-14,2366000,2019-04-21,학생지원팀(ERICA),취득,9,4,확정,자체구입,A320,
4321150724158946,데스크톱컴퓨터,ERICA,2017-04-10,1518000,2017-04-17,소프트웨어융합대학RC행정팀(ERICA),취득,5,3,확정,자체구입,C354,
4321210523858386,레이저프린터,서울,2025-06-18,3155000,,학생지원팀(ERICA),취득,6,1,대기,자체구입,A320,
4411191125460962,인터랙티브화이트보드및액세서리,ERICA,2018-08-02,67216000,2018-08-12,경상대학RC행정팀(ERICA),취득,7,3,확정,자체구입,C364,
4321150324510198,노트북컴퓨터,ERICA,2017-04-01,15215000,2017-04-08,소프트웨어융합대학RC행정팀(ERICA),취득,6,29,확정,자체구입,C354,학과 공용 전산 자산
4321150724158946,데스크톱컴퓨터,서울,2015-05-30,1559000,2015-06-05,소프트웨어융합대학RC행정팀(ERICA),취득,5,3,확정,자체구입,C354,
4321150324510198,노트북컴퓨터,서울,2017-02-10,18431000,2017-02-17,글로벌문화통상대학RC행정팀(ERICA),취득,6,33,확정,자체구입,C360,전산 실습실 공용 장비
4321150324343967,노트북컴퓨터,서울,2017-07-12,46053000,2017-07-20,학생지원팀(ERICA),취득,6,38,확정,자체제작,A320,
4321150324510198,노트북컴퓨터,ERICA,2025-10-10,1780000,2025-10-17,소프트웨어융합대학RC행정팀(ERICA),취득,6,3,확정,자체구입,C354,
4321150324343967,노트북컴퓨터,ERICA,2020-01-28,3063000,2020-02-04,공학대학RC행정팀(ERICA),취득,6,3,확정,자체구입,C352,
5611210224128496,작업용의자,ERICA,2016-04-22,251000,2016-04-29,소프트웨어융합대학RC행정팀(ERICA),취득,8,3,확정,자체구입,C354,
4321150724158946,데스크톱컴퓨터,서울,2023-02-12,2014000,2023-02-25,학생지원팀(ERICA),취득,5,4,확정,자체구입,A320,연구실 분석 업무용
4321150724158946,데스크톱컴퓨터,서울,2023-07-08,514000,2023-07-15,학생지원팀(ERICA),취득,5,1,확정,자체구입,A320,
4321150724158946,데스크톱컴퓨터,서울,2016-10-17,1683000,2016-10-29,학생지원팀(ERICA),취득,5,3,확정,자체구입,A320,
5611210824917370,책상용콤비의자,서울,2017-08-28,2497000,2017-09-10,공학대학RC행정팀(ERICA),취득,10,5,확정,자체구입,C352,
5610170325114372,책상,ERICA,2021-05-30,17004000,2021-06-11,공학대학RC행정팀(ERICA),취득,9,3,확정,자체구입,C352,
4321150724355228,데스크톱컴퓨터,ERICA,2015-06-16,11114000,2015-06-30,학생지원팀(ERICA),취득,5,4,확정,자체구입,A320,
4411191125460962,인터랙티브화이트보드및액세서리,ERICA,2023-12-03,73971000,2023-12-13,글로벌문화통상대학RC행정팀(ERICA),취득,7,3,확정,자체구입,C360,
4321210523858386,레이저프린터,ERICA,2017-04-07,9717000,2017-04-14,학생지원팀(ERICA),취득,6,3,확정,자체구입,A320,
5611210824917370,책상용콤비의자,서울,2023-02-16,961000,2023-02-27,공학대학RC행정팀(ERICA),취득,10,2,확정,자체구입,C352,
4321190224407366,LCD패널또는모니터,ERICA,2016-05-19,2068000,2016-06-02,경상대학RC행정팀(ERICA),취득,5,4,확정,자체구입,C364,
4321150724355228,데스크톱컴퓨터,서울,2022-09-20,14185000,2022-10-04,공학대학RC행정팀(ERICA),취득,5,5,확정,자체구입,C352,
5611210224128496,작업용의자,ERICA,2016-06-12,4860000,2016-06-26,공학대학RC행정팀(ERICA),취득,8,49,확정,자체구입,C352,
5610170325114372,책상,ERICA,2025-01-26,31016000,2025-01-30,시설팀(ERICA),취득,9,5,확정,자체구입,A351,
4321150724355228,데스크톱컴퓨터,ERICA,2015-01-23,13547000,2015-02-02,시설팀(ERICA),취득,5,5,확정,자체구입,A351,
5611210224128496,작업용의자,서울,2019-01-28,97000,2019-02-07,시설팀(ERICA),취득,8,1,확정,자체구입,A351,
5611210224128496,작업용의자,ERICA,2019-01-12,469000,2019-01-23,소프트웨어융합대학RC행정팀(ERICA),취득,8,5,확정,자체구입,C354,
4321150724355228,데스크톱컴퓨터,ERICA,2015-08-13,5111000,2015-08-26,공학대학RC행정팀(ERICA),취득,5,2,확정,자체구입,C352,
4321171124204348,스캐너,서울,2019-07-16,15677000,2019-07-28,시설팀(ERICA),취득,6,3,확정,자체구입,A351,
5610170325114372,책상,서울,2021-06-05,243753000,2021-06-14,공학대학RC행정팀(ERICA),취득,9,45,확정,자체구입,C352,
4321190224407366,LCD패널또는모니터,서울,2024-02-22,2340000,2024-03-04,학생지원팀(ERICA),취득,5,5,확정,자체구입,A320,
4321150324343967,노트북컴퓨터,ERICA,2021-04-25,3588000,2021-04-30,경상대학RC행정팀(ERICA),취득,6,3,확정,자체구입,C364,
4321150324343967,노트북컴퓨터,ERICA,2018-02-01,2127000,2018-02-04,소프트웨어융합대학RC행정팀(ERICA),취득,6,2,확정,자체제작,C354,전산 실습실 공용 장비
4321150324510198,노트북컴퓨터,서울,2021-12-12,1773000,2021-12-25,소프트웨어융합대학RC행정팀(ERICA),취득,6,3,확정,자체구입,C354,
5611210224128496,작업용의자,ERICA,2022-05-25,352000,2022-06-02,소프트웨어융합대학RC행정팀(ERICA),취득,8,4,확정,자체구입,C354,
5612179825616834,칠판보조장,서울,2025-11-25,49602000,2025-12-09,글로벌문화통상대학RC행정팀(ERICA),취득,7,5,확정,자체구입,C360,
4321210523858386,레이저프린터,서울,2023-08-12,17782000,2023-08-24,학생지원팀(ERICA),취득,6,5,확정,자체구입,A320,
4321210523858386,레이저프린터,ERICA,2016-07-07,14466000,2016-07-13,시설팀(ERICA),취득,6,4,확정,자체구입,A351,
5610170325114372,책상,ERICA,2025-12-27,25198000,2025-12-31,경상대학RC행정팀(ERICA),취득,9,4,확정,자체구입,C364,
4321150724355228,데스크톱컴퓨터,ERICA,2017-10-17,8308000,2017-10-21,소프트웨어융합대학RC행정팀(ERICA),취득,5,3,확정,자체구입,C354,
4321190224407366,LCD패널또는모니터,ERICA,2016-03-11,2073000,2016-03-16,경상대학RC행정팀(ERICA),취득,5,4,확정,자체구입,C364,
5610170325114372,책상,ERICA,2022-07-13,11076000,2022-07-26,시설팀(ERICA),취득,9,2,확정,기증,A351,
4321150324343967,노트북컴퓨터,ERICA,2016-01-31,5984000,2016-02-11,공학대학RC행정팀(ERICA),취득,6,5,확정,자체구입,C352,
4321210523858386,레이저프린터,서울,2019-11-01,15753000,2019-11-12,학생지원팀(ERICA),취득,6,5,확정,자체구입,A320,
4321150724158946,데스크톱컴퓨터,서울,2025-07-18,2997000,2025-07-27,시설팀(ERICA),취득,5,5,확정,자체구입,A351,
4321150324343967,노트북컴퓨터,서울,2020-08-19,4936000,2020-08-29,글로벌문화통상대학RC행정팀(ERICA),취득,6,4,확정,자체구입,C360,
4321150724158946,데스크톱컴퓨터,ERICA,2025-01-22,1058000,2025-02-05,공학대학RC행정팀(ERICA),취득,5,2,확정,자체구입,C352,
4321150324343967,노트북컴퓨터,ERICA,2019-07-03,1227000,2019-07-13,경상대학RC행정팀(ERICA),취득,6,1,확정,자체구입,C364,
4321150324510198,노트북컴퓨터,서울,2016-12-27,1090000,2017-01-10,학생지원팀(ERICA),취득,6,2,확정,자체구입,A320,
4321150724355228,데스크톱컴퓨터,서울,2017-04-11,5712000,2017-04-15,소프트웨어융합대학RC행정팀(ERICA),취득,5,2,확정,자체구입,C354,
4321150324343967,노트북컴퓨터,ERICA,2019-06-04,1108000,2019-06-11,공학대학RC행정팀(ERICA),취득,6,1,확정,자체구입,C352,
4321150324510198,노트북컴퓨터,ERICA,2020-08-27,1095000,2020-08-31,경상대학RC행정팀(ERICA),취득,6,2,확정,자체구입,C364,
4321150324343967,노트북컴퓨터,ERICA,2016-02-27,38465000,2016-03-08,경상대학RC행정팀(ERICA),취득,6,31,확정,자체구입,C364,
4321210523858386,레이저프린터,서울,2023-03-04,17510000,2023-03-08,경상대학RC행정팀(ERICA),취득,6,5,확정,자체구입,C364,
4321150724355228,데스크톱컴퓨터,서울,2022-06-22,2877000,2022-07-05,소프트웨어융합대학RC행정팀(ERICA),취득,5,1,확정,자체구입,C354,
4321150724158946,데스크톱컴퓨터,서울,2022-09-22,1587000,2022-10-03,학생지원팀(ERICA),취득,5,3,확정,자체구입,A320,
5611210824917370,책상용콤비의자,서울,2020-08-04,2019000,2020-08-11,공학대학RC행정팀(ERICA),취득,10,4,확정,자체구입,C352,
4321150724355228,데스크톱컴퓨터,ERICA,2016-10-19,5069000,2016-10-26,학생지원팀(ERICA),취득,5,2,확정,자체구입,A320,
4321150324343967,노트북컴퓨터,ERICA,2022-01-16,36665000,2022-01-26,학생지원팀(ERICA),취득,6,33,확정,자체구입,A320,
5612179825616834,칠판보조장,서울,2022-11-13,50551000,2022-11-16,경상대학RC행정팀(ERICA),취득,7,5,확정,자체구입,C364,
4320180323809899,하드디스크드라이브,ERICA,2024-10-07,28864000,,시설팀(ERICA),취득,7,5,반려,자체구입,A351,예산 초과로 인한 반려
5611210824917370,책상용콤비의자,ERICA,2019-11-06,1526000,2019-11-19,소프트웨어융합대학RC행정팀(ERICA),취득,10,3,확정,자체구입,C354,
4411191125460962,인터랙티브화이트보드및액세서리,ERICA,2025-04-25,21863000,2025-05-01,시설팀(ERICA),취득,7,1,확정,자체구입,A351,
5610170325114372,책상,서울,2024-03-12,22168000,2024-03-19,시설팀(ERICA),취득,9,4,확정,자체구입,A351,강의실 환경 개선
5611210824917370,책상용콤비의자,서울,2025-03-14,1952000,2025-03-19,소프트웨어융합대학RC행정팀(ERICA),취득,10,4,확정,자체구입,C354,사무환경 개선
4321210523858386,레이저프린터,서울,2018-06-26,9845000,2018-07-09,학생지원팀(ERICA),취득,6,3,확정,자체구입,A320,
4322330822060848,네트워크시스템장비용랙,ERICA,2021-05-05,1640000,2021-05-17,시설팀(ERICA),취득,10,2,확정,자체구입,A351,
4321171124204348,스캐너,ERICA,2016-11-17,28265000,2016-11-27,학생지원팀(ERICA),취득,6,5,확정,자체구입,A320,
4321190224407366,LCD패널또는모니터,ERICA,2017-03-17,1405000,2017-03-20,공학대학RC행정팀(ERICA),취득,5,3,확정,자체구입,C352,
4321210523858386,레이저프린터,ERICA,2017-01-05,13949000,2017-01-11,학생지원팀(ERICA),취득,6,4,확정,자체구입,A320,행정 문서 출력용
4321210523858386,레이저프린터,ERICA,2022-02-01,14041000,2022-02-06,공학대학RC행정팀(ERICA),취득,6,4,확정,자체제작,C352,
5611210224128496,작업용의자,ERICA,2016-10-29,394000,2016-11-12,경상대학RC행정팀(ERICA),취득,8,4,확정,자체구입,C364,
5610170325114372,책상,서울,2018-04-10,153547000,2018-04-23,공학대학RC행정팀(ERICA),취득,9,28,확정,자체구입,C352,강의실 환경 개선
4321150324343967,노트북컴퓨터,ERICA,2020-04-26,2342000,2020-05-10,학생지원팀(ERICA),취득,6,2,확정,자체구입,A320,
4411191125460962,인터랙티브화이트보드및액세서리,서울,2019-09-18,91805000,2019-09-28,소프트웨어융합대학RC행정팀(ERICA),취득,7,4,확정,자체구입,C354,
5611210224128496,작업용의자,ERICA,2021-04-03,301000,2021-04-15,글로벌문화통상대학RC행정팀(ERICA),취득,8,3,확정,자체구입,C360,
5611210224128496,작업용의자,ERICA,2025-10-14,380000,2025-10-19,공학대학RC행정팀(ERICA),취득,8,4,확정,자체구입,C352,
4411191125460962,인터랙티브화이트보드및액세서리,ERICA,2021-10-27,23128000,2021-10-30,경상대학RC행정팀(ERICA),취득,7,1,확정,자체구입,C364,
4321210523858386,레이저프린터,ERICA,2019-01-20,10677000,2019-01-30,학생지원팀(ERICA),취득,6,3,확정,자체구입,A320,
4321150724158946,데스크톱컴퓨터,ERICA,2018-08-29,1792000,2018-09-11,공학대학RC행정팀(ERICA),취득,5,3,확정,자체구입,C352,
5611210224128496,작업용의자,ERICA,2019-01-17,3794000,2019-01-29,글로벌문화통상대학RC행정팀(ERICA),취득,8,43,확정,기증,C360,
5611210224128496,작업용의자,서울,2022-12-03,199000,2022-12-16,시설팀(ERICA),취득,8,2,확정,자체구입,A351,
4321150324510198,노트북컴퓨터,서울,2025-02-20,2178000,2025-03-05,소프트웨어융합대학RC행정팀(ERICA),취득,6,4,확정,자체구입,C354,
4322260923908131,네트워크라우터,서울,2022-04-11,1168000,2022-04-22,시설팀(ERICA),취득,9,2,확정,자체구입,A351,
4321190224407366,LCD패널또는모니터,ERICA,2020-12-23,1678000,2020-12-29,시설팀(ERICA),취득,5,3,확정,자체구입,A351,
5610170325114372,책상,서울,2023-05-13,200482000,2023-05-21,글로벌문화통상대학RC행정팀(ERICA),취득,9,36,확정,자체제작,C360,연구실 집기 교체
5611210224128496,작업용의자,서울,2025-10-03,2084000,2025-10-16,공학대학RC행정팀(ERICA),취득,8,22,확정,자체구입,C352,
5611210224128496,작업용의자,서울,2021-08-10,2449000,2021-08-13,공학대학RC행정팀(ERICA),취득,8,24,확정,자체구입,C352,
4321150724355228,데스크톱컴퓨터,ERICA,2024-09-13,11399000,2024-09-22,시설팀(ERICA),취득,5,4,확정,자체구입,A351,
5612179825616834,칠판보조장,ERICA,2017-07-25,20314000,2017-08-07,시설팀(ERICA),취득,7,2,확정,자체구입,A351,
4321150324343967,노트북컴퓨터,서울,2019-05-27,2489000,2019-06-10,학생지원팀(ERICA),취득,6,2,확정,자체구입,A320,
4321150724355228,데스크톱컴퓨터,서울,2021-06-10,10740000,2021-06-21,소프트웨어융합대학RC행정팀(ERICA),취득,5,4,확정,자체구입,C354,
5611210824917370,책상용콤비의자,ERICA,2019-02-13,23688000,2019-02-22,글로벌문화통상대학RC행정팀(ERICA),취득,10,50,확정,자체구입,C360,사무환경 개선
4321150724158946,데스크톱컴퓨터,서울,2016-01-26,541000,2016-02-04,글로벌문화통상대학RC행정팀(ERICA),취득,5,1,확정,자체구입,C360,연구실 분석 업무용
4321190224407366,LCD패널또는모니터,서울,2020-02-14,2485000,2020-02-20,소프트웨어융합대학RC행정팀(ERICA),취득,5,5,확정,자체구입,C354,
4321150324343967,노트북컴퓨터,ERICA,2022-04-24,5791000,2022-05-01,경상대학RC행정팀(ERICA),취득,6,5,확정,자체구입,C364,
4321150324510198,노트북컴퓨터,ERICA,2024-03-12,2167000,2024-03-17,글로벌문화통상대학RC행정팀(ERICA),취득,6,4,확정,자체구입,C360,
4411191125460962,인터랙티브화이트보드및액세서리,서울,2018-02-28,23415000,2018-03-14,경상대학RC행정팀(ERICA),취득,7,1,확정,자체구입,C364,
5612179825616834,칠판보조장,서울,2017-02-03,30025000,2017-02-17,공학대학RC행정팀(ERICA),취득,7,3,확정,자체구입,C352,
4321150324510198,노트북컴퓨터,서울,2019-08-27,2098000,2019-09-07,학생지원팀(ERICA),취득,6,4,확정,자체구입,A320,
5610170325114372,책상,ERICA,2018-06-11,11196000,2018-06-21,공학대학RC행정팀(ERICA),취득,9,2,확정,자체구입,C352,
4321150324343967,노트북컴퓨터,ERICA,2025-02-17,2169000,2025-03-01,경상대학RC행정팀(ERICA),취득,6,2,확정,자체구입,C364,
4321210523858386,레이저프린터,서울,2025-12-18,14665000,2025-12-30,학생지원팀(ERICA),취득,6,4,확정,자체구입,A320,학과 공용 프린터
4321150724158946,데스크톱컴퓨터,서울,2025-08-02,1476000,2025-08-10,글로벌문화통상대학RC행정팀(ERICA),취득,5,3,확정,자체구입,C360,
4321150324343967,노트북컴퓨터,ERICA,2019-09-26,32632000,2019-10-08,소프트웨어융합대학RC행정팀(ERICA),취득,6,29,확정,자체구입,C354,
4411191125460962,인터랙티브화이트보드및액세서리,ERICA,2020-02-27,92390000,2020-03-09,글로벌문화통상대학RC행정팀(ERICA),취득,7,4,확정,자체구입,C360,
4321150724355228,데스크톱컴퓨터,ERICA,2023-11-25,2378000,2023-12-01,시설팀(ERICA),취득,5,1,확정,자체구입,A351,
5610170325114372,책상,ERICA,2016-08-26,5506000,2016-09-05,소프트웨어융합대학RC행정팀(ERICA),취득,9,1,확정,자체구입,C354,
4321150724355228,데스크톱컴퓨터,서울,2021-05-07,2578000,2021-05-20,공학대학RC행정팀(ERICA),취득,5,1,확정,자체구입,C352,
4321150324343967,노트북컴퓨터,ERICA,2025-07-23,40926000,2025-08-02,공학대학RC행정팀(ERICA),취득,6,38,확정,자체구입,C352,
4321190224407366,LCD패널또는모니터,서울,2017-03-13,480000,2017-03-18,학생지원팀(ERICA),취득,5,1,확정,자체구입,A320,
5612179825616834,칠판보조장,ERICA,2017-06-04,28730000,2017-06-18,경상대학RC행정팀(ERICA),취득,7,3,확정,자체구입,C364,
5610170325114372,책상,ERICA,2023-02-15,28409000,2023-02-20,시설팀(ERICA),취득,9,5,확정,자체구입,A351,
4321150324510198,노트북컴퓨터,ERICA,2025-05-29,1518000,2025-06-04,학생지원팀(ERICA),취득,6,3,확정,자체구입,A320,
4411191125460962,인터랙티브화이트보드및액세서리,서울,2025-12-12,66412000,,소프트웨어융합대학RC행정팀(ERICA),취득,7,3,대기,자체구입,C354,
4321150724158946,데스크톱컴퓨터,ERICA,2024-04-12,566000,2024-04-24,경상대학RC행정팀(ERICA),취득,5,1,확정,자체구입,C364,
5611210224128496,작업용의자,ERICA,2021-06-04,197000,2021-06-09,글로벌문화통상대학RC행정팀(ERICA),취득,8,2,확정,자체구입,C360,
4322260923908131,네트워크라우터,서울,2023-09-29,1694000,2023-10-13,시설팀(ERICA),취득,9,3,확정,자체구입,A351,
5611210224128496,작업용의자,서울,2019-07-01,469000,2019-07-14,소프트웨어융합대학RC행정팀(ERICA),취득,8,5,확정,자체구입,C354,
4321150324343967,노트북컴퓨터,서울,2025-07-26,37187000,,소프트웨어융합대학RC행정팀(ERICA),취득,6,31,대기,자체구입,C354,
4321150724355228,데스크톱컴퓨터,서울,2018-07-09,8255000,2018-07-20,소프트웨어융합대학RC행정팀(ERICA),취득,5,3,확정,자체구입,C354,
5610170325114372,책상,서울,2015-12-20,175936000,2015-12-24,경상대학RC행정팀(ERICA),취득,9,31,확정,자체구입,C364,
4321190224407366,LCD패널또는모니터,서울,2015-07-25,2590000,2015-07-29,학생지원팀(ERICA),취득,5,5,확정,자체구입,A320,
4321171124204348,스캐너,ERICA,2024-03-12,9968000,2024-03-18,학생지원팀(ERICA),취득,6,2,확정,자체구입,A320,
5611210224128496,작업용의자,서울,2017-06-11,1619000,2017-06-22,학생지원팀(ERICA),취득,8,17,확정,자체구입,A320,
4321150324343967,노트북컴퓨터,ERICA,2025-07-09,1087000,2025-07-13,경상대학RC행정팀(ERICA),취득,6,1,확정,자체구입,C364,
5610170325114372,책상,서울,2020-06-21,100438000,2020-06-28,소프트웨어융합대학RC행정팀(ERICA),취득,9,17,확정,자체구입,C354,
4322260923908131,네트워크라우터,ERICA,2020-06-13,582000,2020-06-25,시설팀(ERICA),취득,9,1,확정,자체구입,A351,
5610170325114372,책상,서울,2015-02-13,29087000,2015-02-21,학생지원팀(ERICA),취득,9,5,확정,자체구입,A320,
4411191125460962,인터랙티브화이트보드및액세서리,서울,2024-04-02,48778000,2024-04-09,시설팀(ERICA),취득,7,2,확정,자체구입,A351,
5610170325114372,책상,서울,2017-10-09,84671000,2017-10-13,글로벌문화통상대학RC행정팀(ERICA),취득,9,13,확정,자체구입,C360,
5611210824917370,책상용콤비의자,ERICA,2020-04-20,2154000,2020-05-04,글로벌문화통상대학RC행정팀(ERICA),취득,10,5,확정,자체구입,C360,
4321150324510198,노트북컴퓨터,ERICA,2019-04-12,2945000,2019-04-23,소프트웨어융합대학RC행정팀(ERICA),취득,6,5,확정,자체구입,C354,
4321150724158946,데스크톱컴퓨터,ERICA,2023-06-27,531000,2023-07-01,시설팀(ERICA),취득,5,1,확정,자체제작,A351,
4321150724158946,데스크톱컴퓨터,서울,2016-08-28,1168000,2016-09-05,학생지원팀(ERICA),취득,5,2,확정,자체구입,A320,
4321150724355228,데스크톱컴퓨터,ERICA,2021-03-03,13874000,2021-03-09,학생지원팀(ERICA),취득,5,5,확정,자체구입,A320,
4321150724355228,데스크톱컴퓨터,서울,2024-01-20,10209000,2024-01-30,시설팀(ERICA),취득,5,4,확정,기증,A351,
5611210824917370,책상용콤비의자,서울,2017-11-27,1370000,2017-12-01,시설팀(ERICA),취득,10,3,확정,자체구입,A351,
4321150724355228,데스크톱컴퓨터,ERICA,2025-03-07,14179000,2025-03-19,소프트웨어융합대학RC행정팀(ERICA),취득,5,5,확정,자체구입,C354,
4321150324510198,노트북컴퓨터,ERICA,2020-02-17,1197000,2020-02-23,공학대학RC행정팀(ERICA),취득,6,2,확정,자체구입,C352,교수·연구원 업무용
5612179825616834,칠판보조장,서울,2019-04-26,38477000,2019-04-29,공학대학RC행정팀(ERICA),취득,7,4,확정,자체구입,C352,노후 기자재 교체
5610170325114372,책상,ERICA,2016-04-15,11267000,2016-04-24,소프트웨어융합대학RC행정팀(ERICA),취득,9,2,확정,자체구입,C354,
4321190224407366,LCD패널또는모니터,ERICA,2023-12-01,2646000,2023-12-06,공학대학RC행정팀(ERICA),취득,5,5,확정,자체구입,C352,
4321150324510198,노트북컴퓨터,ERICA,2022-07-01,2593000,2022-07-15,소프트웨어융합대학RC행정팀(ERICA),취득,6,5,확정,자체구입,C354,
4411191125460962,인터랙티브화이트보드및액세서리,서울,2025-03-04,26270000,,시설팀(ERICA),취득,7,1,대기,자체구입,A351,
5611210224128496,작업용의자,ERICA,2017-08-10,471000,2017-08-18,글로벌문화통상대학RC행정팀(ERICA),취득,8,5,확정,자체구입,C360,
5611210824917370,책상용콤비의자,서울,2024-06-06,1806000,2024-06-11,공학대학RC행정팀(ERICA),취득,10,4,확정,자체구입,C352,
4321150324343967,노트북컴퓨터,ERICA,2023-05-04,5263000,2023-05-18,글로벌문화통상대학RC행정팀(ERICA),취득,6,5,확정,자체구입,C360,
4321150324343967,노트북컴퓨터,서울,2015-04-06,1099000,2015-04-16,공학대학RC행정팀(ERICA),취득,6,1,확정,자체구입,C352,
4321190224407366,LCD패널또는모니터,ERICA,2017-08-20,543000,2017-08-30,학생지원팀(ERICA),취득,5,1,확정,자체구입,A320,
4321150724355228,데스크톱컴퓨터,서울,2016-06-23,7655000,2016-06-27,학생지원팀(ERICA),취득,5,3,확정,자체구입,A320,
4321190224407366,LCD패널또는모니터,서울,2016-03-04,980000,2016-03-07,소프트웨어융합대학RC행정팀(ERICA),취득,5,2,확정,자체구입,C354,
5611210224128496,작업용의자,ERICA,2017-07-22,93000,2017-07-29,글로벌문화통상대학RC행정팀(ERICA),취득,8,1,확정,자체구입,C360,
4321210523858386,레이저프린터,서울,2018-02-02,9920000,2018-02-13,경상대학RC행정팀(ERICA),취득,6,3,확정,자체구입,C364,행정 문서 출력용
4321210523858386,레이저프린터,서울,2020-10-05,3697000,2020-10-14,소프트웨어융합대학RC행정팀(ERICA),취득,6,1,확정,자체구입,C354,
4321150724355228,데스크톱컴퓨터,서울,2023-05-28,12747000,2023-06-02,시설팀(ERICA),취득,5,5,확정,자체구입,A351,전산 실습실 고정형 PC
4321150324343967,노트북컴퓨터,ERICA,2024-07-05,24645000,2024-07-19,시설팀(ERICA),취득,6,24,확정,자체구입,A351,
4321190224407366,LCD패널또는모니터,ERICA,2017-07-28,1458000,2017-08-03,공학대학RC행정팀(ERICA),취득,5,3,확정,자체구입,C352,
5610170325114372,책상,서울,2020-11-16,5622000,2020-11-30,시설팀(ERICA),취득,9,1,확정,자체구입,A351,
5611210824917370,책상용콤비의자,서울,2026-01-12,482000,2026-01-23,시설팀(ERICA),취득,10,1,확정,자체구입,A351,
4321150324343967,노트북컴퓨터,서울,2024-03-07,40847000,2024-03-13,공학대학RC행정팀(ERICA),취득,6,39,확정,자체구입,C352,교수·연구원 업무용
5611210224128496,작업용의자,서울,2021-08-30,471000,2021-09-04,시설팀(ERICA),취득,8,5,확정,기증,A351,
4321150324510198,노트북컴퓨터,서울,2024-03-26,1160000,2024-03-31,학생지원팀(ERICA),취득,6,2,확정,자체구입,A320,
4411191125460962,인터랙티브화이트보드및액세서리,서울,2022-07-08,23624000,2022-07-18,공학대학RC행정팀(ERICA),취득,7,1,확정,자체구입,C352,
4321190224407366,LCD패널또는모니터,ERICA,2025-06-06,1081000,2025-06-09,학생지원팀(ERICA),취득,5,2,확정,자체구입,A320,
5610170325114372,책상,ERICA,2019-07-29,160812000,2019-08-08,학생지원팀(ERICA),취득,9,26,확정,자체구입,A320,
4321150324343967,노트북컴퓨터,서울,2023-01-03,3557000,2023-01-09,시설팀(ERICA),취득,6,3,확정,자체구입,A351,
4321150324510198,노트북컴퓨터,ERICA,2022-10-21,514000,2022-11-03,경상대학RC행정팀(ERICA),취득,6,1,확정,자체구입,C364,
4321150724355228,데스크톱컴퓨터,서울,2015-01-29,5544000,2015-02-09,시설팀(ERICA),취득,5,2,확정,자체구입,A351,
4321150724355228,데스크톱컴퓨터,ERICA,2023-09-17,2706000,2023-09-23,공학대학RC행정팀(ERICA),취득,5,1,확정,자체제작,C352,
5611210224128496,작업용의자,ERICA,2017-04-28,509000,2017-05-10,시설팀(ERICA),취득,8,5,확정,자체구입,A351,
4321150324510198,노트북컴퓨터,서울,2024-06-13,18278000,2024-06-16,글로벌문화통상대학RC행정팀(ERICA),취득,6,34,확정,자체구입,C360,
4321150724158946,데스크톱컴퓨터,ERICA,2019-01-15,2607000,2019-01-28,공학대학RC행정팀(ERICA),취득,5,5,확정,자체구입,C352,
4321150324510198,노트북컴퓨터,ERICA,2019-05-27,1589000,2019-06-10,공학대학RC행정팀(ERICA),취득,6,3,확정,자체구입,C352,
4321150324510198,노트북컴퓨터,서울,2016-01-20,1086000,2016-01-28,공학대학RC행정팀(ERICA),취득,6,2,확정,자체구입,C352,
4321150324343967,노트북컴퓨터,ERICA,2019-01-12,4845000,2019-01-26,소프트웨어융합대학RC행정팀(ERICA),취득,6,4,확정,자체구입,C354,
5611210224128496,작업용의자,서울,2018-11-05,4730000,2018-11-13,글로벌문화통상대학RC행정팀(ERICA),취득,8,50,확정,자체구입,C360,
4321150724355228,데스크톱컴퓨터,ERICA,2025-05-03,11883000,2025-05-12,공학대학RC행정팀(ERICA),취득,5,5,확정,자체구입,C352,
4321150724355228,데스크톱컴퓨터,ERICA,2018-04-11,4940000,2018-04-17,공학대학RC행정팀(ERICA),취득,5,2,확정,자체구입,C352,
4321190224407366,LCD패널또는모니터,서울,2015-06-07,1574000,2015-06-15,공학대학RC행정팀(ERICA),취득,5,3,확정,자체구입,C352,
4321150724158946,데스크톱컴퓨터,서울,2020-05-19,2380000,2020-05-27,학생지원팀(ERICA),취득,5,4,확정,자체구입,A320,
5611210224128496,작업용의자,서울,2018-11-18,359000,2018-11-25,글로벌문화통상대학RC행정팀(ERICA),취득,8,4,확정,자체구입,C360,
5611210824917370,책상용콤비의자,ERICA,2024-12-19,8214000,,글로벌문화통상대학RC행정팀(ERICA),취득,10,17,대기,자체구입,C360,
4411191125460962,인터랙티브화이트보드및액세서리,ERICA,2017-12-26,66229000,2017-12-29,글로벌문화통상대학RC행정팀(ERICA),취득,7,3,확정,자체구입,C360,
4321150724355228,데스크톱컴퓨터,서울,2017-10-28,8487000,2017-11-04,공학대학RC행정팀(ERICA),취득,5,3,확정,자체구입,C352,
5611210824917370,책상용콤비의자,ERICA,2016-01-29,2006000,2016-02-01,공학대학RC행정팀(ERICA),취득,10,4,확정,자체구입,C352,
4321190224407366,LCD패널또는모니터,ERICA,2017-07-30,1565000,2017-08-05,공학대학RC행정팀(ERICA),취득,5,3,확정,자체구입,C352,
5611210224128496,작업용의자,서울,2023-01-13,301000,2023-01-20,학생지원팀(ERICA),취득,8,3,확정,자체구입,A320,
5611210824917370,책상용콤비의자,ERICA,2023-05-24,1799000,2023-05-31,공학대학RC행정팀(ERICA),취득,10,4,확정,자체구입,C352,
4321190224407366,LCD패널또는모니터,ERICA,2016-12-06,2561000,2016-12-11,경상대학RC행정팀(ERICA),취득,5,5,확정,자체구입,C364,
4321150724355228,데스크톱컴퓨터,ERICA,2016-03-27,13944000,2016-04-02,학생지원팀(ERICA),취득,5,5,확정,자체구입,A320,
4321150324343967,노트북컴퓨터,ERICA,2022-03-13,3649000,2022-03-27,경상대학RC행정팀(ERICA),취득,6,3,확정,자체구입,C364,
5610170325114372,책상,서울,2019-10-02,11893000,2019-10-05,시설팀(ERICA),취득,9,2,확정,자체구입,A351,강의실 환경 개선
4321150324343967,노트북컴퓨터,ERICA,2024-02-12,1225000,2024-02-26,공학대학RC행정팀(ERICA),취득,6,1,확정,자체구입,C352,
4321190224407366,LCD패널또는모니터,ERICA,2018-11-16,475000,2018-11-20,학생지원팀(ERICA),취득,5,1,확정,자체구입,A320,
4321190224407366,LCD패널또는모니터,서울,2021-12-26,1576000,2021-12-29,학생지원팀(ERICA),취득,5,3,확정,자체구입,A320,
4321190224407366,LCD패널또는모니터,서울,2018-07-02,1499000,2018-07-10,시설팀(ERICA),취득,5,3,확정,자체구입,A351,
4321210523858386,레이저프린터,ERICA,2025-02-22,15100000,2025-03-04,공학대학RC행정팀(ERICA),취득,6,4,확정,자체구입,C352,
5612179825616834,칠판보조장,ERICA,2016-05-23,32170000,2016-05-27,공학대학RC행정팀(ERICA),취득,7,3,확정,자체구입,C352,
4321150324510198,노트북컴퓨터,ERICA,2022-04-01,23170000,2022-04-04,시설팀(ERICA),취득,6,39,확정,자체구입,A351,
4321150324343967,노트북컴퓨터,ERICA,2015-10-08,1191000,2015-10-19,공학대학RC행정팀(ERICA),취득,6,1,확정,자체구입,C352,
5611210224128496,작업용의자,ERICA,2023-01-29,101000,2023-02-08,시설팀(ERICA),취득,8,1,확정,자체구입,A351,
4321190224407366,LCD패널또는모니터,ERICA,2019-05-10,531000,2019-05-16,경상대학RC행정팀(ERICA),취득,5,1,확정,자체구입,C364,
4321190224407366,LCD패널또는모니터,서울,2020-04-12,1918000,2020-04-19,공학대학RC행정팀(ERICA),취득,5,4,확정,자체구입,C352,
5612179825616834,칠판보조장,ERICA,2019-02-22,20704000,2019-03-07,경상대학RC행정팀(ERICA),취득,7,2,확정,자체구입,C364,
4321190224407366,LCD패널또는모니터,ERICA,2019-12-21,1629000,2019-12-24,학생지원팀(ERICA),취득,5,3,확정,자체구입,A320,
4411191125460962,인터랙티브화이트보드및액세서리,서울,2025-07-14,127532000,2025-07-17,경상대학RC행정팀(ERICA),취득,7,5,확정,자체구입,C364,
5611210224128496,작업용의자,ERICA,2024-10-08,200000,2024-10-21,공학대학RC행정팀(ERICA),취득,8,2,확정,자체구입,C352,
5611210224128496,작업용의자,ERICA,2015-01-26,356000,2015-02-03,소프트웨어융합대학RC행정팀(ERICA),취득,8,4,확정,자체구입,C354,
4321150324343967,노트북컴퓨터,ERICA,2022-09-16,35395000,2022-09-27,공학대학RC행정팀(ERICA),취득,6,34,확정,자체구입,C352,
4321190224407366,LCD패널또는모니터,ERICA,2020-07-15,1639000,2020-07-22,학생지원팀(ERICA),취득,5,3,확정,자체구입,A320,
4321150724355228,데스크톱컴퓨터,ERICA,2019-03-24,14042000,2019-03-28,소프트웨어융합대학RC행정팀(ERICA),취득,5,5,확정,자체구입,C354,
4321150324343967,노트북컴퓨터,ERICA,2016-01-17,1179000,2016-01-20,학생지원팀(ERICA),취득,6,1,확정,자체구입,A320,
4321190224407366,LCD패널또는모니터,서울,2023-05-01,2452000,2023-05-04,글로벌문화통상대학RC행정팀(ERICA),취득,5,5,확정,자체구입,C360,
4321150324343967,노트북컴퓨터,ERICA,2021-03-14,2207000,2021-03-27,학생지원팀(ERICA),취득,6,2,확정,자체구입,A320,
5611210824917370,책상용콤비의자,서울,2024-08-22,18680000,2024-08-30,글로벌문화통상대학RC행정팀(ERICA),취득,10,42,확정,자체구입,C360,
4321150324343967,노트북컴퓨터,서울,2024-11-16,1049000,2024-11-25,학생지원팀(ERICA),취득,6,1,확정,자체구입,A320,
4321210523858386,레이저프린터,서울,2021-08-03,14042000,2021-08-09,시설팀(ERICA),취득,6,4,확정,자체구입,A351,
4321150724158946,데스크톱컴퓨터,ERICA,2015-11-17,2762000,2015-11-24,공학대학RC행정팀(ERICA),취득,5,5,확정,자체구입,C352,
4321150724355228,데스크톱컴퓨터,ERICA,2021-10-29,10528000,2021-11-07,시설팀(ERICA),취득,5,4,확정,자체구입,A351,
5611210224128496,작업용의자,ERICA,2023-07-23,422000,2023-07-31,경상대학RC행정팀(ERICA),취득,8,5,확정,자체구입,C364,
4321150324343967,노트북컴퓨터,ERICA,2021-04-23,32391000,2021-04-30,경상대학RC행정팀(ERICA),취득,6,26,확정,자체구입,C364,
4321150724158946,데스크톱컴퓨터,ERICA,2015-08-01,1554000,2015-08-14,시설팀(ERICA),취득,5,3,확정,자체구입,A351,
4321150724355228,데스크톱컴퓨터,ERICA,2025-08-23,5398000,2025-08-30,공학대학RC행정팀(ERICA),취득,5,2,확정,자체구입,C352,행정 업무용 데스크톱
4321150324510198,노트북컴퓨터,ERICA,2017-08-02,2676000,2017-08-06,공학대학RC행정팀(ERICA),취득,6,5,확정,자체구입,C352,
4321150724355228,데스크톱컴퓨터,ERICA,2019-08-29,8083000,2019-09-06,공학대학RC행정팀(ERICA),취득,5,3,확정,자체구입,C352,
5611210824917370,책상용콤비의자,서울,2017-07-19,2305000,2017-07-22,시설팀(ERICA),취득,10,5,확정,자체구입,A351,
4321150724355228,데스크톱컴퓨터,서울,2019-07-11,12669000,2019-07-15,학생지원팀(ERICA),취득,5,5,확정,자체구입,A320,
5612179825616834,칠판보조장,ERICA,2024-10-16,42377000,2024-10-28,소프트웨어융합대학RC행정팀(ERICA),취득,7,4,확정,자체구입,C354,
4321150324510198,노트북컴퓨터,서울,2019-07-29,1147000,2019-08-09,공학대학RC행정팀(ERICA),취득,6,2,확정,기증,C352,
4321210523858386,레이저프린터,서울,2022-07-05,11056000,2022-07-12,글로벌문화통상대학RC행정팀(ERICA),취득,6,3,확정,자체구입,C360,
4322330822060848,네트워크시스템장비용랙,ERICA,2018-12-03,978000,2018-12-07,시설팀(ERICA),취득,10,1,확정,자체구입,A351,
5612179825616834,칠판보조장,ERICA,2025-08-12,10213000,,글로벌문화통상대학RC행정팀(ERICA),취득,7,1,대기,자체구입,C360,
5610170325114372,책상,서울,2022-01-14,23677000,2022-01-17,시설팀(ERICA),취득,9,4,확정,자체구입,A351,
4321150324510198,노트북컴퓨터,ERICA,2016-01-31,16339000,2016-02-08,글로벌문화통상대학RC행정팀(ERICA),취득,6,27,확정,자체구입,C360,
4321190224407366,LCD패널또는모니터,ERICA,2015-06-01,2343000,2015-06-08,경상대학RC행정팀(ERICA),취득,5,5,확정,자체구입,C364,
4321150724355228,데스크톱컴퓨터,ERICA,2021-05-28,2580000,2021-06-08,시설팀(ERICA),취득,5,1,확정,자체구입,A351,
4321190224407366,LCD패널또는모니터,ERICA,2021-06-04,481000,2021-06-12,시설팀(ERICA),취득,5,1,확정,자체구입,A351,
5610170325114372,책상,ERICA,2019-03-16,18759000,2019-03-29,시설팀(ERICA),취득,9,3,확정,자체구입,A351,
4321150324343967,노트북컴퓨터,ERICA,2025-11-06,5924000,2025-11-11,공학대학RC행정팀(ERICA),취득,6,5,확정,자체제작,C352,
4321150724355228,데스크톱컴퓨터,서울,2020-03-16,10767000,2020-03-24,학생지원팀(ERICA),취득,5,4,확정,자체구입,A320,
5610170325114372,책상,ERICA,2015-02-10,11569000,2015-02-24,공학대학RC행정팀(ERICA),취득,9,2,확정,자체구입,C352,
5611210824917370,책상용콤비의자,서울,2016-04-09,480000,2016-04-23,경상대학RC행정팀(ERICA),취득,10,1,확정,자체구입,C364,
5612179825616834,칠판보조장,서울,2022-11-16,9585000,2022-11-24,경상대학RC행정팀(ERICA),취득,7,1,확정,자체구입,C364,
4321150324510198,노트북컴퓨터,ERICA,2022-09-24,1187000,2022-10-02,공학대학RC행정팀(ERICA),취득,6,2,확정,자체구입,C352,
4321150324510198,노트북컴퓨터,서울,2020-03-05,2850000,2020-03-15,공학대학RC행정팀(ERICA),취득,6,5,확정,자체구입,C352,
4411191125460962,인터랙티브화이트보드및액세서리,ERICA,2025-07-22,116652000,2025-07-26,경상대학RC행정팀(ERICA),취득,7,5,확정,자체구입,C364,
5611210824917370,책상용콤비의자,서울,2017-07-06,1296000,2017-07-15,소프트웨어융합대학RC행정팀(ERICA),취득,10,3,확정,자체구입,C354,사무환경 개선
4321150324510198,노트북컴퓨터,서울,2025-07-20,1036000,2025-07-29,공학대학RC행정팀(ERICA),취득,6,2,확정,자체구입,C352,
4321150724158946,데스크톱컴퓨터,ERICA,2019-11-06,1140000,2019-11-15,학생지원팀(ERICA),취득,5,2,확정,자체구입,A320,
4321150324343967,노트북컴퓨터,ERICA,2018-01-26,4629000,2018-01-31,소프트웨어융합대학RC행정팀(ERICA),취득,6,4,확정,자체구입,C354,
4321150324343967,노트북컴퓨터,서울,2025-04-26,1206000,2025-05-06,글로벌문화통상대학RC행정팀(ERICA),취득,6,1,확정,자체구입,C360,
4321190224407366,LCD패널또는모니터,ERICA,2015-08-26,2000000,2015-08-29,글로벌문화통상대학RC행정팀(ERICA),취득,5,4,확정,자체구입,C360,
4321150324343967,노트북컴퓨터,ERICA,2017-05-19,2128000,2017-05-24,글로벌문화통상대학RC행정팀(ERICA),취득,6,2,확정,자체구입,C360,
5611210224128496,작업용의자,서울,2024-04-14,1810000,2024-04-23,학생지원팀(ERICA),취득,8,19,확정,자체구입,A320,
4321210523858386,레이저프린터,ERICA,2017-07-06,3302000,2017-07-16,공학대학RC행정팀(ERICA),취득,6,1,확정,자체구입,C352,
4321150724355228,데스크톱컴퓨터,ERICA,2024-03-14,12198000,2024-03-18,글로벌문화통상대학RC행정팀(ERICA),취득,5,5,확정,자체구입,C360,
4321150324343967,노트북컴퓨터,서울,2017-07-13,3410000,2017-07-16,시설팀(ERICA),취득,6,3,확정,자체구입,A351,
5612179825616834,칠판보조장,ERICA,2018-07-18,49169000,2018-08-01,글로벌문화통상대학RC행정팀(ERICA),취득,7,5,확정,자체구입,C360,
5612179825616834,칠판보조장,서울,2019-10-24,51774000,2019-10-31,경상대학RC행정팀(ERICA),취득,7,5,확정,자체구입,C364,
4321190224407366,LCD패널또는모니터,ERICA,2021-03-16,2542000,2021-03-23,글로벌문화통상대학RC행정팀(ERICA),취득,5,5,확정,자체구입,C360,
4321150324343967,노트북컴퓨터,ERICA,2025-05-28,5384000,2025-06-07,학생지원팀(ERICA),취득,6,5,확정,자체구입,A320,
4321150324510198,노트북컴퓨터,서울,2020-10-22,1614000,2020-10-25,학생지원팀(ERICA),취득,6,3,확정,기증,A320,
5610170325114372,책상,서울,2025-12-07,289010000,2025-12-10,공학대학RC행정팀(ERICA),취득,9,48,확정,자체구입,C352,
5610170325114372,책상,서울,2021-07-07,11499000,2021-07-12,소프트웨어융합대학RC행정팀(ERICA),취득,9,2,확정,자체제작,C354,
4321210523858386,레이저프린터,ERICA,2024-02-01,18416000,2024-02-06,학생지원팀(ERICA),취득,6,5,확정,자체구입,A320,학과 공용 프린터
5611210224128496,작업용의자,ERICA,2019-07-20,446000,2019-08-03,글로벌문화통상대학RC행정팀(ERICA),취득,8,5,확정,자체구입,C360,
4321190224407366,LCD패널또는모니터,서울,2017-10-16,1388000,2017-10-28,소프트웨어융합대학RC행정팀(ERICA),취득,5,3,확정,자체구입,C354,
4321150324510198,노트북컴퓨터,서울,2025-05-08,2120000,2025-05-19,학생지원팀(ERICA),취득,6,4,확정,자체구입,A320,
4321190224407366,LCD패널또는모니터,서울,2015-04-26,2802000,2015-05-01,시설팀(ERICA),취득,5,5,확정,자체구입,A351,
4321150324343967,노트북컴퓨터,서울,2020-04-22,2140000,2020-04-25,학생지원팀(ERICA),취득,6,2,확정,자체구입,A320,
5611210224128496,작업용의자,ERICA,2024-01-24,96000,2024-01-28,시설팀(ERICA),취득,8,1,확정,자체구입,A351,
4321171124204348,스캐너,ERICA,2022-05-06,17585000,2022-05-17,공학대학RC행정팀(ERICA),취득,6,3,확정,자체구입,C352,
4321150324343967,노트북컴퓨터,서울,2024-03-09,5831000,2024-03-15,학생지원팀(ERICA),취득,6,5,확정,자체구입,A320,
4321150324343967,노트북컴퓨터,서울,2020-01-23,2418000,2020-01-29,학생지원팀(ERICA),취득,6,2,확정,자체구입,A320,
4321210523858386,레이저프린터,ERICA,2025-01-18,3137000,2025-01-23,경상대학RC행정팀(ERICA),취득,6,1,확정,자체구입,C364,
4321190224407366,LCD패널또는모니터,서울,2024-05-12,2645000,2024-05-19,학생지원팀(ERICA),취득,5,5,확정,자체구입,A320,
4321150324510198,노트북컴퓨터,서울,2018-11-12,17252000,2018-11-21,글로벌문화통상대학RC행정팀(ERICA),취득,6,30,확정,자체구입,C360,
4321150724158946,데스크톱컴퓨터,ERICA,2015-11-14,2290000,2015-11-28,경상대학RC행정팀(ERICA),취득,5,4,확정,자체구입,C364,
5611210224128496,작업용의자,ERICA,2018-03-31,3757000,2018-04-12,소프트웨어융합대학RC행정팀(ERICA),취득,8,41,확정,자체제작,C354,사무환경 개선
4321150724158946,데스크톱컴퓨터,ERICA,2021-07-01,1107000,2021-07-10,글로벌문화통상대학RC행정팀(ERICA),취득,5,2,확정,자체구입,C360,
4321150724158946,데스크톱컴퓨터,ERICA,2021-08-10,989000,2021-08-17,공학대학RC행정팀(ERICA),취득,5,2,확정,자체구입,C352,
4321210523858386,레이저프린터,ERICA,2016-06-20,3144000,2016-06-24,소프트웨어융합대학RC행정팀(ERICA),취득,6,1,확정,자체구입,C354,
4321150724355228,데스크톱컴퓨터,서울,2019-12-25,5350000,2020-01-08,경상대학RC행정팀(ERICA),취득,5,2,확정,자체구입,C364,
4321150324343967,노트북컴퓨터,ERICA,2022-09-14,2261000,2022-09-26,학생지원팀(ERICA),취득,6,2,확정,자체구입,A320,
5611210224128496,작업용의자,ERICA,2025-05-01,504000,2025-05-09,학생지원팀(ERICA),취득,8,5,확정,자체구입,A320,
4321150724355228,데스크톱컴퓨터,ERICA,2023-12-26,12064000,2024-01-09,학생지원팀(ERICA),취득,5,5,확정,자체구입,A320,
4321171124204348,스캐너,ERICA,2023-06-04,15955000,2023-06-18,소프트웨어융합대학RC행정팀(ERICA),취득,6,3,확정,자체구입,C354,
4321190224407366,LCD패널또는모니터,ERICA,2025-11-12,2408000,2025-11-15,공학대학RC행정팀(ERICA),취득,5,5,확정,자체구입,C352,
4411191125460962,인터랙티브화이트보드및액세서리,ERICA,2022-08-13,22565000,2022-08-22,경상대학RC행정팀(ERICA),취득,7,1,확정,자체구입,C364,
4321150324343967,노트북컴퓨터,ERICA,2015-10-31,6049000,2015-11-06,경상대학RC행정팀(ERICA),취득,6,5,확정,자체구입,C364,
5611210224128496,작업용의자,서울,2019-10-11,176000,2019-10-19,공학대학RC행정팀(ERICA),취득,8,2,확정,자체구입,C352,사무환경 개선
4322260923908131,네트워크라우터,서울,2023-06-17,1497000,2023-07-01,시설팀(ERICA),취득,9,3,확정,자체구입,A351,
5610170325114372,책상,서울,2024-05-30,22423000,2024-06-03,공학대학RC행정팀(ERICA),취득,9,4,확정,자체구입,C352,
5611210824917370,책상용콤비의자,서울,2016-06-07,992000,2016-06-16,공학대학RC행정팀(ERICA),취득,10,2,확정,자체구입,C352,
4321150324343967,노트북컴퓨터,서울,2021-03-16,4457000,2021-03-24,학생지원팀(ERICA),취득,6,4,확정,자체구입,A320,
5611210824917370,책상용콤비의자,ERICA,2017-03-13,1289000,2017-03-18,공학대학RC행정팀(ERICA),취득,10,3,확정,자체구입,C352,
4321150324510198,노트북컴퓨터,ERICA,2019-07-24,2595000,2019-08-07,공학대학RC행정팀(ERICA),취득,6,5,확정,자체제작,C352,
4321150724355228,데스크톱컴퓨터,ERICA,2018-10-02,2680000,2018-10-15,시설팀(ERICA),취득,5,1,확정,자체구입,A351,
4321150724158946,데스크톱컴퓨터,ERICA,2020-10-19,1118000,2020-10-30,경상대학RC행정팀(ERICA),취득,5,2,확정,자체구입,C364,
4321150724158946,데스크톱컴퓨터,서울,2019-04-12,569000,2019-04-24,학생지원팀(ERICA),취득,5,1,확정,자체구입,A320,
4321210523858386,레이저프린터,서울,2018-11-02,18407000,2018-11-16,학생지원팀(ERICA),취득,6,5,확정,자체구입,A320,
5610170325114372,책상,서울,2023-01-08,31259000,2023-01-12,공학대학RC행정팀(ERICA),취득,9,5,확정,자체구입,C352,
4321190224407366,LCD패널또는모니터,ERICA,2025-10-07,2204000,2025-10-10,공학대학RC행정팀(ERICA),취득,5,4,확정,자체구입,C352,
5612179825616834,칠판보조장,ERICA,2021-07-15,22511000,2021-07-20,공학대학RC행정팀(ERICA),취득,7,2,확정,자체구입,C352,
4321150724355228,데스크톱컴퓨터,서울,2019-05-16,5642000,2019-05-28,공학대학RC행정팀(ERICA),취득,5,2,확정,자체구입,C352,
4321190224407366,LCD패널또는모니터,ERICA,2015-06-12,2757000,2015-06-17,공학대학RC행정팀(ERICA),취득,5,5,확정,자체구입,C352,
4321150324343967,노트북컴퓨터,서울,2023-10-05,2048000,2023-10-11,공학대학RC행정팀(ERICA),취득,6,2,확정,자체구입,C352,
4322260923908131,네트워크라우터,ERICA,2019-07-22,585000,2019-08-04,시설팀(ERICA),취득,9,1,확정,자체구입,A351,
4322330822060848,네트워크시스템장비용랙,서울,2017-02-15,1691000,2017-02-28,시설팀(ERICA),취득,10,2,확정,자체구입,A351,
4321150324343967,노트북컴퓨터,ERICA,2023-01-13,2467000,2023-01-23,학생지원팀(ERICA),취득,6,2,확정,자체구입,A320,
4321150724355228,데스크톱컴퓨터,ERICA,2020-11-10,7907000,2020-11-17,학생지원팀(ERICA),취득,5,3,확정,자체구입,A320,
4321150724355228,데스크톱컴퓨터,ERICA,2025-03-23,2654000,2025-04-01,학생지원팀(ERICA),취득,5,1,확정,자체구입,A320,
4321150324343967,노트북컴퓨터,서울,2021-06-03,1202000,2021-06-13,시설팀(ERICA),취득,6,1,확정,자체구입,A351,
4321150724355228,데스크톱컴퓨터,서울,2018-03-05,8416000,2018-03-17,학생지원팀(ERICA),취득,5,3,확정,자체구입,A320,
5612179825616834,칠판보조장,ERICA,2016-09-10,23014000,2016-09-16,경상대학RC행정팀(ERICA),취득,7,2,확정,자체구입,C364,강의실 기자재 보강
4321150724355228,데스크톱컴퓨터,ERICA,2023-03-24,12892000,2023-04-05,학생지원팀(ERICA),취득,5,5,확정,자체구입,A320,
4321150324343967,노트북컴퓨터,ERICA,2019-05-26,1046000,2019-06-09,공학대학RC행정팀(ERICA),취득,6,1,확정,자체구입,C352,
4321150724355228,데스크톱컴퓨터,서울,2022-02-25,2724000,2022-03-04,공학대학RC행정팀(ERICA),취득,5,1,확정,자체구입,C352,
4321171124204348,스캐너,서울,2022-09-08,28657000,2022-09-20,경상대학RC행정팀(ERICA),취득,6,5,확정,자체구입,C364,
4411191125460962,인터랙티브화이트보드및액세서리,서울,2025-04-21,73757000,2025-05-02,공학대학RC행정팀(ERICA),취득,7,3,확정,자체구입,C352,
4321150724355228,데스크톱컴퓨터,ERICA,2017-03-09,4802000,2017-03-19,소프트웨어융합대학RC행정팀(ERICA),취득,5,2,확정,자체구입,C354,
4321190224407366,LCD패널또는모니터,서울,2017-07-18,962000,2017-07-23,글로벌문화통상대학RC행정팀(ERICA),취득,5,2,확정,자체구입,C360,
4321150324343967,노트북컴퓨터,ERICA,2016-08-23,2224000,2016-09-04,공학대학RC행정팀(ERICA),취득,6,2,확정,자체구입,C352,
4321150324343967,노트북컴퓨터,ERICA,2022-07-19,5631000,2022-07-25,학생지원팀(ERICA),취득,6,5,확정,자체구입,A320,
4321150324343967,노트북컴퓨터,ERICA,2025-10-28,2108000,2025-11-07,시설팀(ERICA),취득,6,2,확정,자체구입,A351,교수·연구원 업무용
4321210523858386,레이저프린터,ERICA,2019-06-22,17347000,2019-06-30,학생지원팀(ERICA),취득,6,5,확정,자체제작,A320,
4321150324510198,노트북컴퓨터,서울,2025-10-04,1169000,2025-10-18,경상대학RC행정팀(ERICA),취득,6,2,확정,자체구입,C364,
4322260923908131,네트워크라우터,ERICA,2021-01-13,2074000,2021-01-25,공학대학RC행정팀(ERICA),취득,9,4,확정,자체구입,C352,
4321190224407366,LCD패널또는모니터,ERICA,2025-04-10,2051000,2025-04-23,학생지원팀(ERICA),취득,5,4,확정,자체구입,A320,
4320180323809899,하드디스크드라이브,서울,2018-05-10,10317000,2018-05-15,시설팀(ERICA),취득,7,2,확정,자체구입,A351,
4321150324510198,노트북컴퓨터,ERICA,2016-03-03,1788000,2016-03-12,공학대학RC행정팀(ERICA),취득,6,3,확정,자체구입,C352,
5612179825616834,칠판보조장,ERICA,2019-07-11,40054000,2019-07-23,소프트웨어융합대학RC행정팀(ERICA),취득,7,4,확정,자체제작,C354,
4321150724355228,데스크톱컴퓨터,서울,2021-07-22,10892000,,학생지원팀(ERICA),취득,5,4,반려,자체구입,A320,예산 초과로 인한 반려
4321150324343967,노트북컴퓨터,서울,2023-08-10,5845000,2023-08-24,학생지원팀(ERICA),취득,6,5,확정,자체구입,A320,
4321150324343967,노트북컴퓨터,ERICA,2025-12-23,43445000,2026-01-01,공학대학RC행정팀(ERICA),취득,6,36,확정,자체구입,C352,
4321150724355228,데스크톱컴퓨터,ERICA,2022-12-22,10053000,2023-01-01,경상대학RC행정팀(ERICA),취득,5,4,확정,자체구입,C364,
4321150324510198,노트북컴퓨터,서울,2020-09-18,1611000,2020-09-26,소프트웨어융합대학RC행정팀(ERICA),취득,6,3,확정,자체구입,C354,
4321150724355228,데스크톱컴퓨터,ERICA,2024-07-19,2803000,2024-07-27,공학대학RC행정팀(ERICA),취득,5,1,확정,자체구입,C352,
4321210523858386,레이저프린터,서울,2021-11-21,16945000,2021-11-26,공학대학RC행정팀(ERICA),취득,6,5,확정,자체구입,C352,
5611210824917370,책상용콤비의자,서울,2016-05-12,13743000,2016-05-25,공학대학RC행정팀(ERICA),취득,10,28,확정,자체구입,C352,
4320180323809899,하드디스크드라이브,서울,2016-10-22,27367000,2016-10-31,시설팀(ERICA),취득,7,5,확정,자체구입,A351,
4321150724158946,데스크톱컴퓨터,ERICA,2020-06-26,1572000,2020-07-01,공학대학RC행정팀(ERICA),취득,5,3,확정,자체구입,C352,
4321150324510198,노트북컴퓨터,ERICA,2021-11-24,2584000,2021-12-02,공학대학RC행정팀(ERICA),취득,6,5,확정,자체구입,C352,
4321150324343967,노트북컴퓨터,ERICA,2020-05-26,23760000,2020-06-08,소프트웨어융합대학RC행정팀(ERICA),취득,6,21,확정,자체구입,C354,
4321150324343967,노트북컴퓨터,ERICA,2020-06-25,5817000,2020-07-02,시설팀(ERICA),취득,6,5,확정,자체구입,A351,
4321150324343967,노트북컴퓨터,ERICA,2025-06-26,4404000,,학생지원팀(ERICA),취득,6,4,대기,자체구입,A320,
4321150724158946,데스크톱컴퓨터,ERICA,2025-06-05,2882000,2025-06-11,공학대학RC행정팀(ERICA),취득,5,5,확정,자체구입,C352,
4321190224407366,LCD패널또는모니터,ERICA,2023-09-23,540000,2023-10-07,공학대학RC행정팀(ERICA),취득,5,1,확정,자체구입,C352,
4321150324510198,노트북컴퓨터,ERICA,2025-09-02,567000,2025-09-10,공학대학RC행정팀(ERICA),취득,6,1,확정,자체구입,C352,
5610170325114372,책상,서울,2015-03-06,17493000,2015-03-10,학생지원팀(ERICA),취득,9,3,확정,자체구입,A320,
4321150324510198,노트북컴퓨터,ERICA,2019-04-20,2010000,2019-04-26,공학대학RC행정팀(ERICA),취득,6,4,확정,자체구입,C352,
4321150724355228,데스크톱컴퓨터,ERICA,2023-04-30,4748000,2023-05-05,학생지원팀(ERICA),취득,5,2,확정,자체구입,A320,
5610170325114372,책상,서울,2023-03-22,304378000,2023-03-27,소프트웨어융합대학RC행정팀(ERICA),취득,9,47,확정,기증,C354,
4411191125460962,인터랙티브화이트보드및액세서리,서울,2019-11-21,75176000,2019-12-02,공학대학RC행정팀(ERICA),취득,7,3,확정,자체구입,C352,
4321150724158946,데스크톱컴퓨터,ERICA,2016-03-20,1043000,2016-04-03,학생지원팀(ERICA),취득,5,2,확정,자체구입,A320,행정 업무용 데스크톱
4321150724158946,데스크톱컴퓨터,ERICA,2023-09-15,1164000,2023-09-23,학생지원팀(ERICA),취득,5,2,확정,자체구입,A320,
4321150324343967,노트북컴퓨터,서울,2020-06-08,6001000,2020-06-18,학생지원팀(ERICA),취득,6,5,확정,자체구입,A320,
4321190224407366,LCD패널또는모니터,서울,2022-05-04,1523000,2022-05-16,글로벌문화통상대학RC행정팀(ERICA),취득,5,3,확정,자체구입,C360,
4321150324343967,노트북컴퓨터,서울,2021-05-31,5812000,2021-06-07,소프트웨어융합대학RC행정팀(ERICA),취득,6,5,확정,자체구입,C354,
4321150324343967,노트북컴퓨터,서울,2019-08-19,5718000,2019-09-02,학생지원팀(ERICA),취득,6,5,확정,자체구입,A320,
4321150324343967,노트북컴퓨터,서울,2019-04-26,2229000,2019-05-09,학생지원팀(ERICA),취득,6,2,확정,자체구입,A320,학과 공용 전산 자산
4321150324343967,노트북컴퓨터,서울,2020-06-10,1088000,2020-06-13,소프트웨어융합대학RC행정팀(ERICA),취득,6,1,확정,자체구입,C354,
5611210224128496,작업용의자,서울,2017-11-02,257000,2017-11-06,학생지원팀(ERICA),취득,8,3,확정,자체구입,A320,
4321150724355228,데스크톱컴퓨터,ERICA,2017-04-16,11294000,2017-04-25,학생지원팀(ERICA),취득,5,4,확정,자체구입,A320,
4321150724355228,데스크톱컴퓨터,서울,2025-02-21,13048000,2025-02-27,공학대학RC행정팀(ERICA),취득,5,5,확정,자체구입,C352,
4321150324343967,노트북컴퓨터,서울,2019-08-27,5284000,2019-09-09,글로벌문화통상대학RC행정팀(ERICA),취득,6,5,확정,자체구입,C360,
5612179825616834,칠판보조장,ERICA,2024-08-22,10486000,2024-08-27,공학대학RC행정팀(ERICA),취득,7,1,확정,자체구입,C352,
4321150324510198,노트북컴퓨터,ERICA,2015-10-11,1581000,2015-10-17,학생지원팀(ERICA),취득,6,3,확정,자체구입,A320,
4321190224407366,LCD패널또는모니터,ERICA,2022-03-03,1519000,2022-03-11,소프트웨어융합대학RC행정팀(ERICA),취득,5,3,확정,자체구입,C354,
4321150324343967,노트북컴퓨터,ERICA,2021-04-06,2220000,2021-04-20,학생지원팀(ERICA),취득,6,2,확정,자체구입,A320,
5611210824917370,책상용콤비의자,서울,2022-08-23,898000,2022-09-02,소프트웨어융합대학RC행정팀(ERICA),취득,10,2,확정,자체구입,C354,
4321150324343967,노트북컴퓨터,ERICA,2024-06-09,5479000,2024-06-23,공학대학RC행정팀(ERICA),취득,6,5,확정,자체구입,C352,
5611210224128496,작업용의자,ERICA,2020-10-18,3735000,2020-10-22,시설팀(ERICA),취득,8,43,확정,자체구입,A351,
4321150724355228,데스크톱컴퓨터,서울,2016-04-14,5285000,2016-04-21,글로벌문화통상대학RC행정팀(ERICA),취득,5,2,확정,자체구입,C360,
4321150724355228,데스크톱컴퓨터,ERICA,2023-07-06,12384000,2023-07-10,공학대학RC행정팀(ERICA),취득,5,5,확정,자체구입,C352,
5610170325114372,책상,ERICA,2017-09-22,24859000,2017-09-29,경상대학RC행정팀(ERICA),취득,9,4,확정,자체구입,C364,
5610170325114372,책상,ERICA,2021-07-25,11617000,2021-07-28,공학대학RC행정팀(ERICA),취득,9,2,확정,자체구입,C352,
4321150724355228,데스크톱컴퓨터,서울,2024-09-12,8275000,2024-09-21,글로벌문화통상대학RC행정팀(ERICA),취득,5,3,확정,자체구입,C360,
5610170325114372,책상,ERICA,2025-12-02,144905000,2025-12-13,시설팀(ERICA),취득,9,26,확정,자체구입,A351,
4321210523858386,레이저프린터,서울,2025-08-18,10650000,2025-08-30,글로벌문화통상대학RC행정팀(ERICA),취득,6,3,확정,자체구입,C360,
4321150724355228,데스크톱컴퓨터,서울,2019-05-15,9956000,2019-05-26,시설팀(ERICA),취득,5,4,확정,자체구입,A351,
5611210824917370,책상용콤비의자,ERICA,2020-01-20,21483000,2020-01-28,소프트웨어융합대학RC행정팀(ERICA),취득,10,49,확정,자체구입,C354,
5612179825616834,칠판보조장,서울,2023-02-13,56069000,2023-02-24,시설팀(ERICA),취득,7,5,확정,자체구입,A351,
5611210824917370,책상용콤비의자,ERICA,2021-09-05,850000,2021-09-12,공학대학RC행정팀(ERICA),취득,10,2,확정,자체구입,C352,사무환경 개선
5611210824917370,책상용콤비의자,서울,2018-02-10,1018000,2018-02-22,경상대학RC행정팀(ERICA),취득,10,2,확정,자체구입,C364,
4321150324343967,노트북컴퓨터,ERICA,2025-03-02,6019000,2025-03-16,시설팀(ERICA),취득,6,5,확정,자체구입,A351,
4321150724355228,데스크톱컴퓨터,서울,2025-03-27,7611000,2025-03-30,소프트웨어융합대학RC행정팀(ERICA),취득,5,3,확정,자체구입,C354,
4321210523858386,레이저프린터,서울,2022-04-04,15645000,2022-04-11,학생지원팀(ERICA),취득,6,5,확정,자체구입,A320,
5610170325114372,책상,ERICA,2025-02-03,222757000,2025-02-17,시설팀(ERICA),취득,9,36,확정,자체구입,A351,
4321150324343967,노트북컴퓨터,서울,2019-08-10,5599000,2019-08-16,공학대학RC행정팀(ERICA),취득,6,5,확정,자체구입,C352,학과 공용 전산 자산
4321150324343967,노트북컴퓨터,서울,2016-10-04,4814000,2016-10-08,공학대학RC행정팀(ERICA),취득,6,4,확정,자체구입,C352,
4321150724355228,데스크톱컴퓨터,서울,2021-04-11,12339000,2021-04-16,학생지원팀(ERICA),취득,5,5,확정,자체구입,A320,
5611210224128496,작업용의자,ERICA,2019-07-07,3302000,2019-07-21,시설팀(ERICA),취득,8,39,확정,자체구입,A351,
4321150324510198,노트북컴퓨터,ERICA,2019-01-26,601000,2019-02-08,경상대학RC행정팀(ERICA),취득,6,1,확정,자체구입,C364,
5610170325114372,책상,서울,2018-05-16,17167000,2018-05-23,공학대학RC행정팀(ERICA),취득,9,3,확정,자체구입,C352,
4320180323809899,하드디스크드라이브,서울,2024-03-07,10685000,,시설팀(ERICA),취득,7,2,반려,자체구입,A351,예산 초과로 인한 반려
5611210224128496,작업용의자,ERICA,2025-12-31,93000,2026-01-06,소프트웨어융합대학RC행정팀(ERICA),취득,8,1,확정,자체구입,C354,
5611210224128496,작업용의자,서울,2021-02-12,94000,2021-02-26,소프트웨어융합대학RC행정팀(ERICA),취득,8,1,확정,자체구입,C354,
4321190224407366,LCD패널또는모니터,ERICA,2022-11-07,2121000,2022-11-21,공학대학RC행정팀(ERICA),취득,5,4,확정,자체구입,C352,
4321150324343967,노트북컴퓨터,ERICA,2023-02-08,1049000,2023-02-13,학생지원팀(ERICA),취득,6,1,확정,자체구입,A320,AI 실습 수업용 노트북
4321150324343967,노트북컴퓨터,ERICA,2024-09-14,44791000,2024-09-19,공학대학RC행정팀(ERICA),취득,6,36,확정,자체구입,C352,
4321150324510198,노트북컴퓨터,서울,2023-11-16,597000,2023-11-24,공학대학RC행정팀(ERICA),취득,6,1,확정,자체구입,C352,
5611210824917370,책상용콤비의자,ERICA,2015-09-30,462000,2015-10-07,소프트웨어융합대학RC행정팀(ERICA),취득,10,1,확정,자체구입,C354,
4321210523858386,레이저프린터,ERICA,2016-03-05,6754000,2016-03-18,학생지원팀(ERICA),취득,6,2,확정,자체구입,A320,
4321150724355228,데스크톱컴퓨터,ERICA,2019-10-06,9914000,2019-10-10,학생지원팀(ERICA),취득,5,4,확정,자체구입,A320,
4321150724355228,데스크톱컴퓨터,서울,2020-02-06,5042000,2020-02-18,학생지원팀(ERICA),취득,5,2,확정,자체구입,A320,
4322260923908131,네트워크라우터,서울,2016-12-11,1996000,2016-12-23,시설팀(ERICA),취득,9,4,확정,자체구입,A351,
4321150724355228,데스크톱컴퓨터,서울,2015-04-25,12011000,2015-05-05,소프트웨어융합대학RC행정팀(ERICA),취득,5,5,확정,자체구입,C354,
4321150724355228,데스크톱컴퓨터,ERICA,2018-01-03,12814000,2018-01-15,학생지원팀(ERICA),취득,5,5,확정,자체구입,A320,
5610170325114372,책상,서울,2017-08-16,6451000,2017-08-20,공학대학RC행정팀(ERICA),취득,9,1,확정,자체구입,C352,
4321150724355228,데스크톱컴퓨터,서울,2025-01-12,2410000,2025-01-23,공학대학RC행정팀(ERICA),취득,5,1,확정,자체구입,C352,
5612179825616834,칠판보조장,서울,2022-12-11,33454000,2022-12-19,공학대학RC행정팀(ERICA),취득,7,3,확정,자체구입,C352,
4321150724355228,데스크톱컴퓨터,서울,2020-09-03,13853000,2020-09-09,공학대학RC행정팀(ERICA),취득,5,5,확정,자체구입,C352,
4321150724158946,데스크톱컴퓨터,서울,2015-02-01,1983000,2015-02-06,시설팀(ERICA),취득,5,4,확정,자체구입,A351,전산 실습실 고정형 PC
4321210523858386,레이저프린터,서울,2017-10-24,16030000,2017-10-27,시설팀(ERICA),취득,6,5,확정,자체구입,A351,
4411191125460962,인터랙티브화이트보드및액세서리,ERICA,2022-02-18,118177000,2022-02-28,소프트웨어융합대학RC행정팀(ERICA),취득,7,5,확정,자체구입,C354,
4321150324343967,노트북컴퓨터,ERICA,2024-08-01,3182000,2024-08-04,학생지원팀(ERICA),취득,6,3,확정,자체구입,A320,
4321150724158946,데스크톱컴퓨터,서울,2023-03-31,1036000,2023-04-07,학생지원팀(ERICA),취득,5,2,확정,자체구입,A320,
5611210224128496,작업용의자,서울,2022-04-13,99000,2022-04-19,학생지원팀(ERICA),취득,8,1,확정,자체구입,A320,
4321150324510198,노트북컴퓨터,서울,2025-12-08,16641000,2025-12-14,학생지원팀(ERICA),취득,6,33,확정,자체구입,A320,
4411191125460962,인터랙티브화이트보드및액세서리,ERICA,2024-02-18,47873000,2024-03-02,공학대학RC행정팀(ERICA),취득,7,2,확정,자체구입,C352,
4321171124204348,스캐너,서울,2018-12-11,27993000,2018-12-14,학생지원팀(ERICA),취득,6,5,확정,자체구입,A320,
4321190224407366,LCD패널또는모니터,ERICA,2021-11-29,1641000,2021-12-07,공학대학RC행정팀(ERICA),취득,5,3,확정,자체구입,C352,
5610170325114372,책상,서울,2019-10-11,6465000,2019-10-16,소프트웨어융합대학RC행정팀(ERICA),취득,9,1,확정,자체구입,C354,
4321190224407366,LCD패널또는모니터,ERICA,2021-02-23,1466000,2021-03-03,학생지원팀(ERICA),취득,5,3,확정,기증,A320,
4321150324343967,노트북컴퓨터,ERICA,2023-09-29,2207000,2023-10-03,소프트웨어융합대학RC행정팀(ERICA),취득,6,2,확정,자체구입,C354,
4321150724355228,데스크톱컴퓨터,ERICA,2020-03-31,12597000,2020-04-05,학생지원팀(ERICA),취득,5,5,확정,자체구입,A320,
4321210523858386,레이저프린터,ERICA,2016-02-19,3259000,2016-03-02,학생지원팀(ERICA),취득,6,1,확정,자체구입,A320,
5611210824917370,책상용콤비의자,서울,2016-06-05,452000,2016-06-11,공학대학RC행정팀(ERICA),취득,10,1,확정,자체구입,C352,
5611210224128496,작업용의자,서울,2024-03-06,255000,2024-03-14,소프트웨어융합대학RC행정팀(ERICA),취득,8,3,확정,자체구입,C354,
4321190224407366,LCD패널또는모니터,ERICA,2025-10-20,1423000,2025-10-31,소프트웨어융합대학RC행정팀(ERICA),취득,5,3,확정,자체구입,C354,
4321150324510198,노트북컴퓨터,서울,2020-02-03,2613000,2020-02-14,시설팀(ERICA),취득,6,5,확정,자체구입,A351,
5610170325114372,책상,ERICA,2020-12-04,27536000,2020-12-12,학생지원팀(ERICA),취득,9,5,확정,자체구입,A320,신규 연구실 구축
4321190224407366,LCD패널또는모니터,ERICA,2019-12-07,1574000,2019-12-14,경상대학RC행정팀(ERICA),취득,5,3,확정,자체구입,C364,
4321210523858386,레이저프린터,ERICA,2019-04-17,7304000,2019-04-29,경상대학RC행정팀(ERICA),취득,6,2,확정,자체구입,C364,학과 공용 프린터
5610170325114372,책상,서울,2017-04-24,22909000,2017-04-27,공학대학RC행정팀(ERICA),취득,9,4,확정,자체구입,C352,
4321171124204348,스캐너,ERICA,2015-02-21,5509000,2015-02-27,학생지원팀(ERICA),취득,6,1,확정,자체구입,A320,
4321210523858386,레이저프린터,서울,2024-08-25,14745000,2024-09-01,소프트웨어융합대학RC행정팀(ERICA),취득,6,4,확정,자체구입,C354,학과 공용 프린터
4321210523858386,레이저프린터,서울,2015-12-27,10339000,2015-12-31,글로벌문화통상대학RC행정팀(ERICA),취득,6,3,확정,자체구입,C360,행정 문서 출력용
4411191125460962,인터랙티브화이트보드및액세서리,ERICA,2022-01-24,118026000,2022-02-04,경상대학RC행정팀(ERICA),취득,7,5,확정,자체구입,C364,
4321150724355228,데스크톱컴퓨터,ERICA,2017-01-21,4845000,2017-02-03,학생지원팀(ERICA),취득,5,2,확정,자체구입,A320,
4321150324343967,노트북컴퓨터,ERICA,2018-01-09,4701000,2018-01-23,소프트웨어융합대학RC행정팀(ERICA),취득,6,4,확정,자체구입,C354,
5612179825616834,칠판보조장,서울,2023-03-01,51590000,2023-03-08,공학대학RC행정팀(ERICA),취득,7,5,확정,자체구입,C352,
4321150324510198,노트북컴퓨터,ERICA,2019-02-12,499000,2019-02-26,시설팀(ERICA),취득,6,1,확정,자체구입,A351,
4321150324343967,노트북컴퓨터,ERICA,2022-09-22,3122000,2022-10-06,공학대학RC행정팀(ERICA),취득,6,3,확정,자체구입,C352,
4321190224407366,LCD패널또는모니터,서울,2015-12-07,1660000,2015-12-15,경상대학RC행정팀(ERICA),취득,5,3,확정,자체구입,C364,
5610170325114372,책상,ERICA,2025-08-13,186110000,,시설팀(ERICA),취득,9,32,대기,자체구입,A351,
4321190224407366,LCD패널또는모니터,ERICA,2024-07-06,1468000,2024-07-18,시설팀(ERICA),취득,5,3,확정,자체구입,A351,
5612179825616834,칠판보조장,ERICA,2024-12-12,45859000,2024-12-26,공학대학RC행정팀(ERICA),취득,7,4,확정,자체구입,C352,
4321190224407366,LCD패널또는모니터,서울,2024-11-28,487000,,소프트웨어융합대학RC행정팀(ERICA),취득,5,1,대기,자체구입,C354,
5611210224128496,작업용의자,서울,2020-05-14,4464000,2020-05-17,글로벌문화통상대학RC행정팀(ERICA),취득,8,50,확정,자체구입,C360,
4321150724355228,데스크톱컴퓨터,ERICA,2015-04-24,10411000,2015-04-30,학생지원팀(ERICA),취득,5,4,확정,자체구입,A320,
4321150324343967,노트북컴퓨터,서울,2019-04-04,23788000,2019-04-11,글로벌문화통상대학RC행정팀(ERICA),취득,6,22,확정,기증,C360,
5611210224128496,작업용의자,ERICA,2018-01-12,95000,2018-01-17,공학대학RC행정팀(ERICA),취득,8,1,확정,자체구입,C352,
4321190224407366,LCD패널또는모니터,서울,2021-06-01,2743000,2021-06-12,공학대학RC행정팀(ERICA),취득,5,5,확정,자체구입,C352,
4321150324510198,노트북컴퓨터,ERICA,2017-07-05,19671000,2017-07-17,공학대학RC행정팀(ERICA),취득,6,37,확정,자체구입,C352,
4322330822060848,네트워크시스템장비용랙,서울,2019-11-07,2643000,2019-11-12,시설팀(ERICA),취득,10,3,확정,자체구입,A351,
4321150324510198,노트북컴퓨터,서울,2021-05-06,2364000,2021-05-15,경상대학RC행정팀(ERICA),취득,6,4,확정,자체구입,C364,
4321210523858386,레이저프린터,ERICA,2022-02-07,18976000,2022-02-14,공학대학RC행정팀(ERICA),취득,6,5,확정,자체구입,C352,
4321150324343967,노트북컴퓨터,서울,2017-01-22,3604000,2017-02-02,시설팀(ERICA),취득,6,3,확정,자체구입,A351,
4321150324343967,노트북컴퓨터,ERICA,2024-04-07,3205000,2024-04-12,학생지원팀(ERICA),취득,6,3,확정,자체구입,A320,
4321150324343967,노트북컴퓨터,서울,2025-08-18,2273000,,학생지원팀(ERICA),취득,6,2,대기,자체구입,A320,
4321150324510198,노트북컴퓨터,서울,2019-11-20,1828000,2019-11-24,공학대학RC행정팀(ERICA),취득,6,3,확정,자체구입,C352,
5610170325114372,책상,ERICA,2023-01-18,11654000,2023-01-25,경상대학RC행정팀(ERICA),취득,9,2,확정,자체구입,C364,
4321150724355228,데스크톱컴퓨터,ERICA,2016-12-14,13201000,2016-12-21,학생지원팀(ERICA),취득,5,5,확정,자체구입,A320,
4321150324510198,노트북컴퓨터,ERICA,2017-08-08,580000,2017-08-14,글로벌문화통상대학RC행정팀(ERICA),취득,6,1,확정,자체구입,C360,
4321150724355228,데스크톱컴퓨터,서울,2016-11-23,8357000,2016-11-28,학생지원팀(ERICA),취득,5,3,확정,자체구입,A320,
4321190224407366,LCD패널또는모니터,서울,2023-07-31,1476000,2023-08-04,공학대학RC행정팀(ERICA),취득,5,3,확정,자체구입,C352,
5610170325114372,책상,ERICA,2018-09-26,95310000,2018-09-30,시설팀(ERICA),취득,9,17,확정,기증,A351,신규 연구실 구축
4321150324343967,노트북컴퓨터,서울,2023-03-19,4145000,2023-04-01,학생지원팀(ERICA),취득,6,4,확정,자체구입,A320,
4321150724355228,데스크톱컴퓨터,서울,2022-12-15,2654000,2022-12-18,소프트웨어융합대학RC행정팀(ERICA),취득,5,1,확정,자체구입,C354,
4321150324343967,노트북컴퓨터,서울,2025-09-27,5425000,2025-10-11,공학대학RC행정팀(ERICA),취득,6,5,확정,자체구입,C352,
5611210824917370,책상용콤비의자,ERICA,2019-11-04,1866000,2019-11-18,글로벌문화통상대학RC행정팀(ERICA),취득,10,4,확정,자체구입,C360,
5612179825616834,칠판보조장,서울,2025-04-27,45229000,,글로벌문화통상대학RC행정팀(ERICA),취득,7,4,대기,자체구입,C360,
4321190224407366,LCD패널또는모니터,서울,2019-07-09,2470000,2019-07-12,소프트웨어융합대학RC행정팀(ERICA),취득,5,5,확정,자체구입,C354,
5611210824917370,책상용콤비의자,서울,2019-10-11,5160000,2019-10-25,글로벌문화통상대학RC행정팀(ERICA),취득,10,12,확정,자체구입,C360,
4321150724158946,데스크톱컴퓨터,서울,2019-10-22,2205000,2019-11-05,학생지원팀(ERICA),취득,5,4,확정,자체구입,A320,
4321171124204348,스캐너,ERICA,2017-03-20,5290000,2017-03-30,시설팀(ERICA),취득,6,1,확정,자체구입,A351,
4321190224407366,LCD패널또는모니터,ERICA,2016-05-26,2245000,2016-06-01,시설팀(ERICA),취득,5,4,확정,자체구입,A351,
4321190224407366,LCD패널또는모니터,서울,2016-09-29,1990000,,공학대학RC행정팀(ERICA),취득,5,4,반려,자체구입,C352,예산 초과로 인한 반려
4321150324510198,노트북컴퓨터,ERICA,2023-05-02,1694000,2023-05-07,소프트웨어융합대학RC행정팀(ERICA),취득,6,3,확정,자체구입,C354,
4321150324510198,노트북컴퓨터,서울,2016-05-19,20205000,2016-05-31,시설팀(ERICA),취득,6,34,확정,자체구입,A351,
4321150324510198,노트북컴퓨터,서울,2019-01-11,502000,2019-01-15,경상대학RC행정팀(ERICA),취득,6,1,확정,자체구입,C364,
4321150724355228,데스크톱컴퓨터,서울,2025-09-21,10413000,2025-09-26,경상대학RC행정팀(ERICA),취득,5,4,확정,자체구입,C364,
4321150324343967,노트북컴퓨터,서울,2016-12-13,3174000,2016-12-18,경상대학RC행정팀(ERICA),취득,6,3,확정,자체구입,C364,
4322330822060848,네트워크시스템장비용랙,서울,2019-12-18,1746000,2019-12-22,시설팀(ERICA),취득,10,2,확정,자체구입,A351,
4321150724355228,데스크톱컴퓨터,ERICA,2024-01-28,13132000,2024-02-02,경상대학RC행정팀(ERICA),취득,5,5,확정,자체구입,C364,
4321150324343967,노트북컴퓨터,ERICA,2016-08-10,5638000,2016-08-22,공학대학RC행정팀(ERICA),취득,6,5,확정,자체구입,C352,
4321190224407366,LCD패널또는모니터,ERICA,2016-03-30,2821000,2016-04-10,공학대학RC행정팀(ERICA),취득,5,5,확정,자체구입,C352,
4321150324510198,노트북컴퓨터,서울,2018-12-08,2809000,2018-12-16,경상대학RC행정팀(ERICA),취득,6,5,확정,자체구입,C364,
4411191125460962,인터랙티브화이트보드및액세서리,ERICA,2023-05-03,24552000,2023-05-12,소프트웨어융합대학RC행정팀(ERICA),취득,7,1,확정,자체구입,C354,
4321210523858386,레이저프린터,서울,2019-01-02,13198000,2019-01-16,시설팀(ERICA),취득,6,4,확정,자체구입,A351,
4320180323809899,하드디스크드라이브,ERICA,2019-10-13,27661000,2019-10-23,시설팀(ERICA),취득,7,5,확정,자체구입,A351,
4320180323809899,하드디스크드라이브,ERICA,2020-05-26,19693000,2020-05-30,시설팀(ERICA),취득,7,4,확정,자체구입,A351,
4321190224407366,LCD패널또는모니터,서울,2024-12-13,984000,,경상대학RC행정팀(ERICA),취득,5,2,대기,자체구입,C364,
4321150324343967,노트북컴퓨터,서울,2018-10-06,5133000,2018-10-11,소프트웨어융합대학RC행정팀(ERICA),취득,6,5,확정,자체구입,C354,
4321150324343967,노트북컴퓨터,서울,2025-07-16,5419000,,경상대학RC행정팀(ERICA),취득,6,5,대기,자체구입,C364,학과 공용 전산 자산
4321210523858386,레이저프린터,ERICA,2023-08-12,9912000,2023-08-26,학생지원팀(ERICA),취득,6,3,확정,자체구입,A320,
4321150324343967,노트북컴퓨터,서울,2015-04-10,6169000,2015-04-20,시설팀(ERICA),취득,6,5,확정,자체구입,A351,
4321150324343967,노트북컴퓨터,서울,2022-02-05,33753000,2022-02-11,학생지원팀(ERICA),취득,6,29,확정,자체구입,A320,
4320180323809899,하드디스크드라이브,서울,2015-09-21,21394000,2015-09-27,시설팀(ERICA),취득,7,4,확정,자체구입,A351,
4321150324510198,노트북컴퓨터,서울,2020-03-20,1556000,2020-03-24,학생지원팀(ERICA),취득,6,3,확정,자체구입,A320,
4411191125460962,인터랙티브화이트보드및액세서리,서울,2023-01-18,49911000,2023-01-25,소프트웨어융합대학RC행정팀(ERICA),취득,7,2,확정,자체구입,C354,
4321210523858386,레이저프린터,ERICA,2015-01-29,9550000,2015-02-03,공학대학RC행정팀(ERICA),취득,6,3,확정,자체구입,C352,
4321150324510198,노트북컴퓨터,서울,2023-03-12,1165000,2023-03-24,학생지원팀(ERICA),취득,6,2,확정,자체구입,A320,
4411191125460962,인터랙티브화이트보드및액세서리,ERICA,2015-12-11,115901000,2015-12-21,소프트웨어융합대학RC행정팀(ERICA),취득,7,5,확정,자체구입,C354,
5610170325114372,책상,ERICA,2020-01-24,219291000,2020-02-06,글로벌문화통상대학RC행정팀(ERICA),취득,9,36,확정,자체구입,C360,
5611210224128496,작업용의자,서울,2021-03-20,92000,2021-04-03,경상대학RC행정팀(ERICA),취득,8,1,확정,자체구입,C364,
4321150724158946,데스크톱컴퓨터,서울,2020-07-02,2248000,2020-07-09,학생지원팀(ERICA),취득,5,4,확정,자체구입,A320,
4321190224407366,LCD패널또는모니터,ERICA,2025-02-20,2385000,2025-03-06,학생지원팀(ERICA),취득,5,5,확정,자체구입,A320,
4321150324343967,노트북컴퓨터,서울,2021-01-27,2247000,2021-02-01,공학대학RC행정팀(ERICA),취득,6,2,확정,자체구입,C352,
4321150324343967,노트북컴퓨터,ERICA,2022-01-05,1093000,2022-01-09,공학대학RC행정팀(ERICA),취득,6,1,확정,기증,C352,
4321190224407366,LCD패널또는모니터,서울,2025-11-09,1004000,2025-11-13,학생지원팀(ERICA),취득,5,2,확정,자체구입,A320,
5611210224128496,작업용의자,ERICA,2024-05-31,295000,2024-06-10,공학대학RC행정팀(ERICA),취득,8,3,확정,자체구입,C352,
4321150724158946,데스크톱컴퓨터,서울,2018-09-09,596000,2018-09-14,소프트웨어융합대학RC행정팀(ERICA),취득,5,1,확정,자체구입,C354,
5611210824917370,책상용콤비의자,ERICA,2019-12-14,1703000,2019-12-18,경상대학RC행정팀(ERICA),취득,10,4,확정,자체구입,C364,
4321150724158946,데스크톱컴퓨터,ERICA,2017-05-31,2562000,2017-06-14,시설팀(ERICA),취득,5,5,확정,자체구입,A351,
4411191125460962,인터랙티브화이트보드및액세서리,서울,2022-04-26,101767000,2022-04-29,경상대학RC행정팀(ERICA),취득,7,4,확정,자체구입,C364,
4321190224407366,LCD패널또는모니터,서울,2017-11-06,564000,2017-11-10,시설팀(ERICA),취득,5,1,확정,자체제작,A351,
4321150324343967,노트북컴퓨터,ERICA,2017-02-27,3102000,2017-03-04,공학대학RC행정팀(ERICA),취득,6,3,확정,자체구입,C352,
4321210523858386,레이저프린터,서울,2018-01-19,7065000,2018-01-23,학생지원팀(ERICA),취득,6,2,확정,기증,A320,
4321150324343967,노트북컴퓨터,서울,2017-02-01,6022000,2017-02-11,경상대학RC행정팀(ERICA),취득,6,5,확정,자체구입,C364,
4321150724158946,데스크톱컴퓨터,ERICA,2016-04-08,1764000,2016-04-15,공학대학RC행정팀(ERICA),취득,5,3,확정,자체구입,C352,전산 실습실 고정형 PC
4321210523858386,레이저프린터,ERICA,2021-06-05,10196000,2021-06-14,경상대학RC행정팀(ERICA),취득,6,3,확정,자체구입,C364,
4321150724158946,데스크톱컴퓨터,ERICA,2015-05-03,2518000,2015-05-17,소프트웨어융합대학RC행정팀(ERICA),취득,5,5,확정,자체구입,C354,
4411191125460962,인터랙티브화이트보드및액세서리,ERICA,2019-11-14,70407000,2019-11-23,경상대학RC행정팀(ERICA),취득,7,3,확정,자체구입,C364,
4321150324343967,노트북컴퓨터,서울,2019-05-16,2393000,2019-05-20,소프트웨어융합대학RC행정팀(ERICA),취득,6,2,확정,자체구입,C354,
4321190224407366,LCD패널또는모니터,서울,2022-11-16,508000,2022-11-19,학생지원팀(ERICA),취득,5,1,확정,자체구입,A320,
5611210224128496,작업용의자,서울,2015-02-15,89000,2015-02-22,소프트웨어융합대학RC행정팀(ERICA),취득,8,1,확정,자체구입,C354,
4321150324510198,노트북컴퓨터,ERICA,2017-09-12,2380000,2017-09-21,공학대학RC행정팀(ERICA),취득,6,4,확정,자체구입,C352,
4321150324343967,노트북컴퓨터,ERICA,2018-06-17,3590000,2018-06-20,공학대학RC행정팀(ERICA),취득,6,3,확정,자체구입,C352,
5612179825616834,칠판보조장,ERICA,2024-03-11,38601000,2024-03-15,소프트웨어융합대학RC행정팀(ERICA),취득,7,4,확정,자체구입,C354,
4321190224407366,LCD패널또는모니터,ERICA,2015-10-07,534000,2015-10-19,소프트웨어융합대학RC행정팀(ERICA),취득,5,1,확정,자체구입,C354,
4321150324343967,노트북컴퓨터,서울,2023-03-23,5368000,2023-03-30,경상대학RC행정팀(ERICA),취득,6,5,확정,자체구입,C364,
4321210523858386,레이저프린터,ERICA,2015-07-31,17461000,2015-08-13,소프트웨어융합대학RC행정팀(ERICA),취득,6,5,확정,자체구입,C354,
4321190224407366,LCD패널또는모니터,서울,2019-04-17,1051000,2019-04-25,경상대학RC행정팀(ERICA),취득,5,2,확정,자체구입,C364,
4320180323809899,하드디스크드라이브,ERICA,2025-04-01,15759000,2025-04-12,시설팀(ERICA),취득,7,3,확정,자체구입,A351,
5610170325114372,책상,서울,2019-12-06,18178000,2019-12-20,소프트웨어융합대학RC행정팀(ERICA),취득,9,3,확정,자체구입,C354,
4321150724158946,데스크톱컴퓨터,서울,2016-06-22,2392000,2016-06-27,글로벌문화통상대학RC행정팀(ERICA),취득,5,4,확정,자체구입,C360,전산 실습실 고정형 PC
4321150724355228,데스크톱컴퓨터,서울,2023-10-25,2633000,2023-11-02,학생지원팀(ERICA),취득,5,1,확정,자체구입,A320,
5611210224128496,작업용의자,ERICA,2017-07-19,508000,2017-07-25,글로벌문화통상대학RC행정팀(ERICA),취득,8,5,확정,자체구입,C360,
4321150324510198,노트북컴퓨터,서울,2019-06-14,1012000,2019-06-19,학생지원팀(ERICA),취득,6,2,확정,자체구입,A320,
4321190224407366,LCD패널또는모니터,서울,2019-05-13,2732000,2019-05-17,소프트웨어융합대학RC행정팀(ERICA),취득,5,5,확정,자체구입,C354,
4321150324343967,노트북컴퓨터,ERICA,2015-12-25,4983000,2016-01-08,공학대학RC행정팀(ERICA),취득,6,4,확정,자체구입,C352,
5612179825616834,칠판보조장,서울,2023-03-01,21693000,2023-03-10,소프트웨어융합대학RC행정팀(ERICA),취득,7,2,확정,자체구입,C354,
5611210224128496,작업용의자,서울,2016-06-15,377000,2016-06-18,시설팀(ERICA),취득,8,4,확정,자체구입,A351,
4411191125460962,인터랙티브화이트보드및액세서리,ERICA,2024-12-19,26276000,2024-12-30,학생지원팀(ERICA),취득,7,1,확정,자체구입,A320,
4321190224407366,LCD패널또는모니터,ERICA,2025-05-08,2082000,2025-05-12,학생지원팀(ERICA),취득,5,4,확정,자체구입,A320,
4321150324510198,노트북컴퓨터,서울,2022-03-29,1186000,2022-04-04,학생지원팀(ERICA),취득,6,2,확정,자체구입,A320,
5611210224128496,작업용의자,ERICA,2024-10-05,270000,2024-10-15,공학대학RC행정팀(ERICA),취득,8,3,확정,자체구입,C352,
4321150324510198,노트북컴퓨터,서울,2025-02-06,2772000,2025-02-11,경상대학RC행정팀(ERICA),취득,6,5,확정,자체구입,C364,
4321150724158946,데스크톱컴퓨터,ERICA,2023-06-17,1139000,2023-06-22,경상대학RC행정팀(ERICA),취득,5,2,확정,자체구입,C364,연구실 분석 업무용
4321150724158946,데스크톱컴퓨터,서울,2024-07-30,993000,2024-08-11,시설팀(ERICA),취득,5,2,확정,자체구입,A351,
4321150724355228,데스크톱컴퓨터,서울,2015-06-06,2769000,2015-06-13,시설팀(ERICA),취득,5,1,확정,자체구입,A351,
4321150324343967,노트북컴퓨터,ERICA,2018-08-02,2150000,2018-08-14,시설팀(ERICA),취득,6,2,확정,기증,A351,
4321150324510198,노트북컴퓨터,서울,2024-03-22,564000,2024-03-31,학생지원팀(ERICA),취득,6,1,확정,자체구입,A320,
4321150324510198,노트북컴퓨터,ERICA,2021-08-16,13330000,2021-08-20,공학대학RC행정팀(ERICA),취득,6,23,확정,자체구입,C352,
4321150324343967,노트북컴퓨터,ERICA,2022-10-16,3347000,2022-10-19,경상대학RC행정팀(ERICA),취득,6,3,확정,자체구입,C364,
4320180323809899,하드디스크드라이브,서울,2022-11-11,10774000,2022-11-14,시설팀(ERICA),취득,7,2,확정,자체구입,A351,
4321150724355228,데스크톱컴퓨터,서울,2017-01-15,12187000,2017-01-22,경상대학RC행정팀(ERICA),취득,5,5,확정,자체구입,C364,
4321150324343967,노트북컴퓨터,서울,2022-01-31,3352000,2022-02-14,학생지원팀(ERICA),취득,6,3,확정,자체구입,A320,
5610170325114372,책상,ERICA,2018-11-01,12649000,2018-11-04,소프트웨어융합대학RC행정팀(ERICA),취득,9,2,확정,자체구입,C354,강의실 환경 개선
5612179825616834,칠판보조장,ERICA,2024-03-31,19893000,2024-04-10,공학대학RC행정팀(ERICA),취득,7,2,확정,자체구입,C352,
4321190224407366,LCD패널또는모니터,서울,2025-04-29,1059000,2025-05-12,학생지원팀(ERICA),취득,5,2,확정,자체구입,A320,
4321150724158946,데스크톱컴퓨터,서울,2017-03-22,1119000,2017-04-02,학생지원팀(ERICA),취득,5,2,확정,자체구입,A320,연구실 분석 업무용
4321150724355228,데스크톱컴퓨터,ERICA,2024-12-13,5301000,,소프트웨어융합대학RC행정팀(ERICA),취득,5,2,대기,자체구입,C354,
4321150724158946,데스크톱컴퓨터,ERICA,2017-12-08,522000,2017-12-11,시설팀(ERICA),취득,5,1,확정,자체구입,A351,
4321190224407366,LCD패널또는모니터,서울,2022-03-05,2791000,2022-03-14,학생지원팀(ERICA),취득,5,5,확정,자체구입,A320,
4321150724355228,데스크톱컴퓨터,서울,2019-06-26,2709000,2019-07-06,공학대학RC행정팀(ERICA),취득,5,1,확정,자체구입,C352,
4321150724355228,데스크톱컴퓨터,ERICA,2024-12-22,8209000,2024-12-31,학생지원팀(ERICA),취득,5,3,확정,자체구입,A320,
4321210523858386,레이저프린터,ERICA,2024-02-04,3752000,2024-02-08,학생지원팀(ERICA),취득,6,1,확정,자체구입,A320,
4321150724158946,데스크톱컴퓨터,서울,2015-07-17,537000,2015-07-20,소프트웨어융합대학RC행정팀(ERICA),취득,5,1,확정,자체구입,C354,
5611210824917370,책상용콤비의자,ERICA,2017-12-20,20260000,2017-12-25,글로벌문화통상대학RC행정팀(ERICA),취득,10,44,확정,자체구입,C360,
4322260923908131,네트워크라우터,ERICA,2018-08-21,2095000,,시설팀(ERICA),취득,9,4,반려,자체구입,A351,예산 초과로 인한 반려
5611210824917370,책상용콤비의자,ERICA,2016-08-25,18386000,2016-08-30,글로벌문화통상대학RC행정팀(ERICA),취득,10,40,확정,자체구입,C360,노후 집기 교체
4321150724355228,데스크톱컴퓨터,서울,2017-09-25,5063000,2017-09-29,경상대학RC행정팀(ERICA),취득,5,2,확정,자체구입,C364,
4321150724158946,데스크톱컴퓨터,서울,2023-01-20,1140000,2023-01-28,경상대학RC행정팀(ERICA),취득,5,2,확정,자체구입,C364,
4321150724158946,데스크톱컴퓨터,서울,2017-01-14,1656000,2017-01-23,학생지원팀(ERICA),취득,5,3,확정,자체구입,A320,
5612179825616834,칠판보조장,ERICA,2018-10-03,30496000,2018-10-12,공학대학RC행정팀(ERICA),취득,7,3,확정,자체구입,C352,
4321190224407366,LCD패널또는모니터,ERICA,2022-11-18,2627000,2022-11-23,소프트웨어융합대학RC행정팀(ERICA),취득,5,5,확정,자체구입,C354,
4321190224407366,LCD패널또는모니터,ERICA,2023-07-14,2316000,2023-07-28,글로벌문화통상대학RC행정팀(ERICA),취득,5,5,확정,자체구입,C360,
5611210224128496,작업용의자,ERICA,2018-12-18,429000,2018-12-29,학생지원팀(ERICA),취득,8,5,확정,자체구입,A320,
4322330822060848,네트워크시스템장비용랙,ERICA,2017-12-28,895000,2018-01-01,시설팀(ERICA),취득,10,1,확정,자체구입,A351,
4411191125460962,인터랙티브화이트보드및액세서리,ERICA,2017-07-02,47039000,2017-07-16,경상대학RC행정팀(ERICA),취득,7,2,확정,자체구입,C364,
4321150724158946,데스크톱컴퓨터,ERICA,2015-10-04,2486000,2015-10-15,학생지원팀(ERICA),취득,5,5,확정,자체구입,A320,
4321171124204348,스캐너,ERICA,2023-06-24,11721000,2023-07-03,학생지원팀(ERICA),취득,6,2,확정,자체구입,A320,행정 문서 전산화
4321171124204348,스캐너,서울,2025-01-01,23031000,2025-01-10,학생지원팀(ERICA),취득,6,4,확정,자체구입,A320,
5611210224128496,작업용의자,서울,2025-02-13,2700000,2025-02-23,소프트웨어융합대학RC행정팀(ERICA),취득,8,32,확정,자체구입,C354,
5611210224128496,작업용의자,서울,2019-04-28,377000,2019-05-11,소프트웨어융합대학RC행정팀(ERICA),취득,8,4,확정,자체구입,C354,
4321190224407366,LCD패널또는모니터,ERICA,2024-01-04,466000,2024-01-14,공학대학RC행정팀(ERICA),취득,5,1,확정,자체구입,C352,
4322260923908131,네트워크라우터,ERICA,2025-08-16,1022000,2025-08-24,시설팀(ERICA),취득,9,2,확정,자체구입,A351,
4321190224407366,LCD패널또는모니터,서울,2025-08-02,1419000,,소프트웨어융합대학RC행정팀(ERICA),취득,5,3,대기,자체구입,C354,
5610170325114372,책상,서울,2024-11-11,24499000,2024-11-24,시설팀(ERICA),취득,9,4,확정,자체구입,A351,
5611210224128496,작업용의자,ERICA,2025-05-19,383000,2025-05-23,공학대학RC행정팀(ERICA),취득,8,4,확정,자체구입,C352,
5612179825616834,칠판보조장,ERICA,2016-12-02,19288000,2016-12-07,공학대학RC행정팀(ERICA),취득,7,2,확정,자체구입,C352,
4321150324510198,노트북컴퓨터,ERICA,2018-09-06,1582000,2018-09-12,학생지원팀(ERICA),취득,6,3,확정,자체구입,A320,
5611210224128496,작업용의자,서울,2018-06-14,99000,2018-06-23,경상대학RC행정팀(ERICA),취득,8,1,확정,자체구입,C364,
4322260923908131,네트워크라우터,ERICA,2023-05-17,564000,2023-05-31,시설팀(ERICA),취득,9,1,확정,자체구입,A351,
4321150724355228,데스크톱컴퓨터,ERICA,2016-11-04,10818000,2016-11-17,공학대학RC행정팀(ERICA),취득,5,4,확정,자체구입,C352,
5610170325114372,책상,ERICA,2019-12-25,5438000,2020-01-04,공학대학RC행정팀(ERICA),취득,9,1,확정,자체구입,C352,
5611210224128496,작업용의자,서울,2021-10-18,406000,2021-11-01,학생지원팀(ERICA),취득,8,4,확정,자체구입,A320,
4321150724355228,데스크톱컴퓨터,서울,2022-10-07,10484000,2022-10-13,공학대학RC행정팀(ERICA),취득,5,4,확정,자체구입,C352,
4321150324510198,노트북컴퓨터,ERICA,2024-01-19,2605000,2024-01-26,학생지원팀(ERICA),취득,6,5,확정,자체구입,A320,
4321190224407366,LCD패널또는모니터,서울,2017-04-08,1589000,2017-04-18,소프트웨어융합대학RC행정팀(ERICA),취득,5,3,확정,자체구입,C354,
4321190224407366,LCD패널또는모니터,서울,2015-08-14,2531000,2015-08-21,시설팀(ERICA),취득,5,5,확정,자체구입,A351,
4321150724158946,데스크톱컴퓨터,ERICA,2019-01-18,2820000,2019-01-30,학생지원팀(ERICA),취득,5,5,확정,자체구입,A320,전산 실습실 고정형 PC
4321150324343967,노트북컴퓨터,서울,2022-03-13,1214000,2022-03-25,학생지원팀(ERICA),취득,6,1,확정,자체구입,A320,
4321150324343967,노트북컴퓨터,ERICA,2020-12-03,33277000,2020-12-11,경상대학RC행정팀(ERICA),취득,6,28,확정,자체구입,C364,
4321150324343967,노트북컴퓨터,ERICA,2020-11-10,41071000,2020-11-18,글로벌문화통상대학RC행정팀(ERICA),취득,6,37,확정,자체구입,C360,
4321150724158946,데스크톱컴퓨터,서울,2021-07-30,1758000,2021-08-06,학생지원팀(ERICA),취득,5,3,확정,자체구입,A320,
4321190224407366,LCD패널또는모니터,ERICA,2021-04-23,1569000,2021-05-07,경상대학RC행정팀(ERICA),취득,5,3,확정,자체구입,C364,
4321150324510198,노트북컴퓨터,서울,2017-07-13,1071000,2017-07-17,시설팀(ERICA),취득,6,2,확정,자체구입,A351,교수·연구원 업무용
4321190224407366,LCD패널또는모니터,ERICA,2022-02-13,1572000,2022-02-27,학생지원팀(ERICA),취득,5,3,확정,자체구입,A320,
5612179825616834,칠판보조장,서울,2019-07-02,41849000,2019-07-11,공학대학RC행정팀(ERICA),취득,7,4,확정,자체구입,C352,강의실 기자재 보강
4321150324510198,노트북컴퓨터,서울,2020-01-16,2359000,2020-01-20,학생지원팀(ERICA),취득,6,4,확정,자체구입,A320,
4321190224407366,LCD패널또는모니터,서울,2015-01-07,507000,2015-01-10,공학대학RC행정팀(ERICA),취득,5,1,확정,자체구입,C352,
4321150724355228,데스크톱컴퓨터,ERICA,2019-12-30,2667000,2020-01-06,공학대학RC행정팀(ERICA),취득,5,1,확정,자체구입,C352,연구실 분석 업무용
5611210824917370,책상용콤비의자,ERICA,2018-11-08,7630000,2018-11-19,공학대학RC행정팀(ERICA),취득,10,15,확정,자체구입,C352,
4322260923908131,네트워크라우터,ERICA,2019-12-01,595000,2019-12-08,시설팀(ERICA),취득,9,1,확정,자체구입,A351,
4321190224407366,LCD패널또는모니터,ERICA,2019-11-10,2716000,2019-11-14,공학대학RC행정팀(ERICA),취득,5,5,확정,자체구입,C352,
4321150724355228,데스크톱컴퓨터,ERICA,2022-11-03,5753000,2022-11-07,시설팀(ERICA),취득,5,2,확정,자체구입,A351,
4321150324343967,노트북컴퓨터,ERICA,2023-12-02,44561000,2023-12-11,공학대학RC행정팀(ERICA),취득,6,40,확정,자체구입,C352,학과 공용 전산 자산
5611210224128496,작업용의자,서울,2025-06-18,346000,2025-06-27,소프트웨어융합대학RC행정팀(ERICA),취득,8,4,확정,자체구입,C354,
5610170325114372,책상,서울,2017-03-30,6240000,2017-04-07,경상대학RC행정팀(ERICA),취득,9,1,확정,자체구입,C364,강의실 환경 개선
4321210523858386,레이저프린터,ERICA,2022-05-20,3622000,2022-05-23,소프트웨어융합대학RC행정팀(ERICA),취득,6,1,확정,자체구입,C354,
4321150724158946,데스크톱컴퓨터,서울,2022-06-25,592000,,경상대학RC행정팀(ERICA),취득,5,1,반려,자체구입,C364,예산 초과로 인한 반려
4321190224407366,LCD패널또는모니터,서울,2018-07-25,1420000,2018-08-08,공학대학RC행정팀(ERICA),취득,5,3,확정,자체구입,C352,
5610170325114372,책상,서울,2023-02-26,188318000,2023-03-01,경상대학RC행정팀(ERICA),취득,9,33,확정,자체구입,C364,
4321150724158946,데스크톱컴퓨터,서울,2015-05-22,570000,2015-05-30,시설팀(ERICA),취득,5,1,확정,자체구입,A351,
4321150324343967,노트북컴퓨터,ERICA,2016-08-09,5461000,2016-08-20,시설팀(ERICA),취득,6,5,확정,자체구입,A351,
4321150324343967,노트북컴퓨터,서울,2016-10-02,2211000,2016-10-10,글로벌문화통상대학RC행정팀(ERICA),취득,6,2,확정,자체구입,C360,
5611210824917370,책상용콤비의자,서울,2019-02-21,11313000,2019-03-06,공학대학RC행정팀(ERICA),취득,10,27,확정,자체구입,C352,
4321190224407366,LCD패널또는모니터,ERICA,2015-03-14,2110000,2015-03-27,시설팀(ERICA),취득,5,4,확정,자체구입,A351,
4321150724355228,데스크톱컴퓨터,서울,2017-04-25,2692000,2017-04-30,학생지원팀(ERICA),취득,5,1,확정,자체구입,A320,
4321150324343967,노트북컴퓨터,서울,2017-02-25,2183000,2017-03-08,시설팀(ERICA),취득,6,2,확정,자체구입,A351,학과 공용 전산 자산
4321150724355228,데스크톱컴퓨터,ERICA,2025-12-14,7144000,2025-12-23,소프트웨어융합대학RC행정팀(ERICA),취득,5,3,확정,자체구입,C354,
4321210523858386,레이저프린터,ERICA,2024-08-26,3387000,2024-09-06,학생지원팀(ERICA),취득,6,1,확정,자체구입,A320,
4321210523858386,레이저프린터,서울,2016-11-01,17874000,2016-11-10,소프트웨어융합대학RC행정팀(ERICA),취득,6,5,확정,자체구입,C354,
4321190224407366,LCD패널또는모니터,서울,2016-03-12,1643000,2016-03-16,공학대학RC행정팀(ERICA),취득,5,3,확정,자체구입,C352,
4321150324343967,노트북컴퓨터,ERICA,2017-06-16,3183000,2017-06-28,소프트웨어융합대학RC행정팀(ERICA),취득,6,3,확정,자체구입,C354,
4321150324343967,노트북컴퓨터,ERICA,2018-07-13,4782000,2018-07-24,학생지원팀(ERICA),취득,6,4,확정,자체구입,A320,
4321210523858386,레이저프린터,ERICA,2021-02-27,15203000,2021-03-04,시설팀(ERICA),취득,6,4,확정,자체구입,A351,
5610170325114372,책상,서울,2025-02-18,6474000,,소프트웨어융합대학RC행정팀(ERICA),취득,9,1,대기,자체구입,C354,
5611210824917370,책상용콤비의자,ERICA,2015-07-23,16284000,2015-07-31,소프트웨어융합대학RC행정팀(ERICA),취득,10,33,확정,자체구입,C354,
4321190224407366,LCD패널또는모니터,서울,2016-03-17,502000,2016-03-25,공학대학RC행정팀(ERICA),취득,5,1,확정,자체구입,C352,
4321150724158946,데스크톱컴퓨터,ERICA,2016-02-20,1094000,2016-03-05,시설팀(ERICA),취득,5,2,확정,자체구입,A351,
4321150324343967,노트북컴퓨터,서울,2025-10-22,2450000,2025-11-05,학생지원팀(ERICA),취득,6,2,확정,자체구입,A320,
5611210224128496,작업용의자,ERICA,2024-07-31,189000,2024-08-08,시설팀(ERICA),취득,8,2,확정,기증,A351,
4321150324510198,노트북컴퓨터,서울,2017-11-16,21219000,2017-11-23,소프트웨어융합대학RC행정팀(ERICA),취득,6,40,확정,자체제작,C354,
4321150724158946,데스크톱컴퓨터,서울,2023-09-10,1530000,2023-09-14,학생지원팀(ERICA),취득,5,3,확정,자체제작,A320,
4321150724355228,데스크톱컴퓨터,ERICA,2021-07-31,11279000,2021-08-12,경상대학RC행정팀(ERICA),취득,5,4,확정,자체구입,C364,
4321190224407366,LCD패널또는모니터,서울,2020-11-22,2789000,2020-12-06,학생지원팀(ERICA),취득,5,5,확정,자체구입,A320,
4321150324343967,노트북컴퓨터,ERICA,2020-09-28,4747000,2020-10-09,공학대학RC행정팀(ERICA),취득,6,4,확정,자체구입,C352,
4321150724158946,데스크톱컴퓨터,ERICA,2018-03-04,1780000,2018-03-15,경상대학RC행정팀(ERICA),취득,5,3,확정,자체구입,C364,
4321150324343967,노트북컴퓨터,서울,2019-05-11,5868000,2019-05-16,소프트웨어융합대학RC행정팀(ERICA),취득,6,5,확정,자체구입,C354,
5610170325114372,책상,ERICA,2019-10-25,19642000,2019-11-07,글로벌문화통상대학RC행정팀(ERICA),취득,9,3,확정,자체구입,C360,
5611210224128496,작업용의자,ERICA,2017-09-16,86000,2017-09-27,소프트웨어융합대학RC행정팀(ERICA),취득,8,1,확정,자체구입,C354,
4321150324343967,노트북컴퓨터,서울,2022-03-14,3633000,2022-03-20,학생지원팀(ERICA),취득,6,3,확정,자체구입,A320,
4321190224407366,LCD패널또는모니터,ERICA,2023-02-06,1453000,2023-02-19,학생지원팀(ERICA),취득,5,3,확정,자체구입,A320,
5611210224128496,작업용의자,ERICA,2016-09-13,97000,2016-09-21,시설팀(ERICA),취득,8,1,확정,기증,A351,
4321150324343967,노트북컴퓨터,ERICA,2015-06-16,3258000,2015-06-19,시설팀(ERICA),취득,6,3,확정,자체구입,A351,
4321190224407366,LCD패널또는모니터,서울,2020-08-07,1937000,2020-08-18,공학대학RC행정팀(ERICA),취득,5,4,확정,자체구입,C352,
4320180323809899,하드디스크드라이브,ERICA,2015-07-22,21347000,2015-08-04,시설팀(ERICA),취득,7,4,확정,자체구입,A351,
4321150724355228,데스크톱컴퓨터,서울,2021-10-29,10597000,2021-11-08,학생지원팀(ERICA),취득,5,4,확정,자체구입,A320,전산 실습실 고정형 PC
4321190224407366,LCD패널또는모니터,서울,2017-12-14,2539000,2017-12-21,소프트웨어융합대학RC행정팀(ERICA),취득,5,5,확정,자체구입,C354,
5611210224128496,작업용의자,ERICA,2025-09-16,1585000,2025-09-24,시설팀(ERICA),취득,8,17,확정,자체구입,A351,
4321190224407366,LCD패널또는모니터,서울,2016-11-21,2614000,2016-11-29,소프트웨어융합대학RC행정팀(ERICA),취득,5,5,확정,기증,C354,
5612179825616834,칠판보조장,ERICA,2023-02-11,41575000,2023-02-24,경상대학RC행정팀(ERICA),취득,7,4,확정,자체구입,C364,
5611210824917370,책상용콤비의자,서울,2023-05-10,455000,2023-05-19,시설팀(ERICA),취득,10,1,확정,자체구입,A351,
4321150724355228,데스크톱컴퓨터,서울,2021-05-27,13290000,2021-06-08,경상대학RC행정팀(ERICA),취득,5,5,확정,자체구입,C364,
4321210523858386,레이저프린터,ERICA,2023-04-18,3580000,2023-04-22,공학대학RC행정팀(ERICA),취득,6,1,확정,자체구입,C352,학과 공용 프린터
4411191125460962,인터랙티브화이트보드및액세서리,ERICA,2022-09-12,131998000,2022-09-17,소프트웨어융합대학RC행정팀(ERICA),취득,7,5,확정,자체구입,C354,
4321150724355228,데스크톱컴퓨터,서울,2018-10-10,11096000,2018-10-19,학생지원팀(ERICA),취득,5,4,확정,자체구입,A320,
4321190224407366,LCD패널또는모니터,ERICA,2015-04-02,480000,2015-04-15,시설팀(ERICA),취득,5,1,확정,자체구입,A351,
4321150324343967,노트북컴퓨터,ERICA,2018-03-08,1073000,2018-03-18,소프트웨어융합대학RC행정팀(ERICA),취득,6,1,확정,자체구입,C354,교수·연구원 업무용
4321150724158946,데스크톱컴퓨터,ERICA,2016-06-18,1606000,2016-07-01,학생지원팀(ERICA),취득,5,3,확정,자체구입,A320,전산 실습실 고정형 PC
4321150724158946,데스크톱컴퓨터,서울,2022-03-31,2703000,2022-04-10,시설팀(ERICA),취득,5,5,확정,자체구입,A351,행정 업무용 데스크톱
4321190224407366,LCD패널또는모니터,ERICA,2018-04-01,2737000,2018-04-04,시설팀(ERICA),취득,5,5,확정,자체구입,A351,
5610170325114372,책상,ERICA,2020-04-17,69985000,2020-04-24,학생지원팀(ERICA),취득,9,12,확정,자체구입,A320,
4411191125460962,인터랙티브화이트보드및액세서리,ERICA,2025-06-20,118578000,2025-07-03,공학대학RC행정팀(ERICA),취득,7,5,확정,자체구입,C352,
4321150324510198,노트북컴퓨터,ERICA,2025-01-25,2277000,2025-02-06,글로벌문화통상대학RC행정팀(ERICA),취득,6,4,확정,자체구입,C360,
4321150324343967,노트북컴퓨터,ERICA,2017-10-23,3206000,2017-10-29,공학대학RC행정팀(ERICA),취득,6,3,확정,자체구입,C352,
4321210523858386,레이저프린터,ERICA,2016-07-12,3661000,2016-07-24,시설팀(ERICA),취득,6,1,확정,자체구입,A351,
4321210523858386,레이저프린터,서울,2015-01-13,14534000,2015-01-23,학생지원팀(ERICA),취득,6,4,확정,자체구입,A320,
4321190224407366,LCD패널또는모니터,ERICA,2017-04-12,1513000,2017-04-24,소프트웨어융합대학RC행정팀(ERICA),취득,5,3,확정,자체구입,C354,
4321150724355228,데스크톱컴퓨터,서울,2024-01-16,2751000,2024-01-23,학생지원팀(ERICA),취득,5,1,확정,자체구입,A320,
4320180323809899,하드디스크드라이브,ERICA,2025-06-01,11546000,2025-06-09,시설팀(ERICA),취득,7,2,확정,자체구입,A351,
5612179825616834,칠판보조장,서울,2020-12-22,29399000,2020-12-29,소프트웨어융합대학RC행정팀(ERICA),취득,7,3,확정,자체구입,C354,노후 기자재 교체
4321190224407366,LCD패널또는모니터,서울,2022-02-18,1460000,2022-02-27,학생지원팀(ERICA),취득,5,3,확정,자체구입,A320,
4321190224407366,LCD패널또는모니터,ERICA,2018-09-28,982000,2018-10-02,소프트웨어융합대학RC행정팀(ERICA),취득,5,2,확정,자체구입,C354,
4321150724355228,데스크톱컴퓨터,ERICA,2024-05-26,7500000,2024-06-02,학생지원팀(ERICA),취득,5,3,확정,자체구입,A320,
4321210523858386,레이저프린터,서울,2024-02-28,13336000,2024-03-02,학생지원팀(ERICA),취득,6,4,확정,자체구입,A320,
4321150724158946,데스크톱컴퓨터,ERICA,2021-09-18,2574000,2021-09-28,학생지원팀(ERICA),취득,5,5,확정,자체구입,A320,
4321150724355228,데스크톱컴퓨터,ERICA,2016-12-01,13758000,2016-12-08,학생지원팀(ERICA),취득,5,5,확정,자체구입,A320,
4321210523858386,레이저프린터,서울,2020-09-17,9505000,2020-09-27,학생지원팀(ERICA),취득,6,3,확정,자체구입,A320,
4321210523858386,레이저프린터,서울,2023-07-03,9558000,2023-07-08,학생지원팀(ERICA),취득,6,3,확정,자체구입,A320,
4321150324510198,노트북컴퓨터,서울,2022-05-18,1741000,2022-05-25,공학대학RC행정팀(ERICA),취득,6,3,확정,자체구입,C352,
4321150724355228,데스크톱컴퓨터,서울,2020-04-19,7676000,2020-04-29,학생지원팀(ERICA),취득,5,3,확정,자체구입,A320,전산 실습실 고정형 PC
4321150324510198,노트북컴퓨터,서울,2026-02-06,2007000,2026-02-08,공학대학RC행정팀(ERICA),취득,6,4,확정,자체구입,C352,
4321150724355228,데스크톱컴퓨터,ERICA,2017-01-09,2462000,2017-01-21,학생지원팀(ERICA),취득,5,1,확정,자체구입,A320,
4321150324343967,노트북컴퓨터,서울,2022-12-18,4763000,2022-12-24,학생지원팀(ERICA),취득,6,4,확정,자체구입,A320,
4321190224407366,LCD패널또는모니터,서울,2020-04-20,1902000,2020-04-24,소프트웨어융합대학RC행정팀(ERICA),취득,5,4,확정,자체구입,C354,
4321171124204348,스캐너,서울,2025-04-02,27833000,,시설팀(ERICA),취득,6,5,반려,자체구입,A351,예산 초과로 인한 반려
4321190224407366,LCD패널또는모니터,서울,2018-11-05,2485000,2018-11-15,학생지원팀(ERICA),취득,5,5,확정,자체구입,A320,
4321190224407366,LCD패널또는모니터,ERICA,2025-01-04,1028000,2025-01-10,경상대학RC행정팀(ERICA),취득,5,2,확정,기증,C364,
4321190224407366,LCD패널또는모니터,서울,2015-05-09,2545000,2015-05-22,소프트웨어융합대학RC행정팀(ERICA),취득,5,5,확정,자체구입,C354,
4321190224407366,LCD패널또는모니터,ERICA,2016-07-17,992000,2016-07-25,공학대학RC행정팀(ERICA),취득,5,2,확정,자체구입,C352,
4321210523858386,레이저프린터,ERICA,2016-01-13,3648000,2016-01-22,경상대학RC행정팀(ERICA),취득,6,1,확정,자체구입,C364,
4321150324343967,노트북컴퓨터,ERICA,2022-10-31,4133000,2022-11-09,글로벌문화통상대학RC행정팀(ERICA),취득,6,4,확정,자체구입,C360,
4321190224407366,LCD패널또는모니터,서울,2022-01-14,2063000,2022-01-28,경상대학RC행정팀(ERICA),취득,5,4,확정,자체구입,C364,
4321210523858386,레이저프린터,ERICA,2016-09-24,3456000,2016-10-08,시설팀(ERICA),취득,6,1,확정,자체구입,A351,
4321150324343967,노트북컴퓨터,ERICA,2015-06-29,2068000,2015-07-12,경상대학RC행정팀(ERICA),취득,6,2,확정,자체구입,C364,
4321150724158946,데스크톱컴퓨터,서울,2020-06-27,2398000,2020-07-11,시설팀(ERICA),취득,5,4,확정,자체구입,A351,
4321150324343967,노트북컴퓨터,ERICA,2020-10-11,4695000,2020-10-23,학생지원팀(ERICA),취득,6,4,확정,자체구입,A320,
4320180323809899,하드디스크드라이브,서울,2021-12-08,11255000,2021-12-19,시설팀(ERICA),취득,7,2,확정,자체구입,A351,
5610170325114372,책상,ERICA,2023-07-17,21707000,2023-07-22,글로벌문화통상대학RC행정팀(ERICA),취득,9,4,확정,자체구입,C360,
4321150724355228,데스크톱컴퓨터,서울,2016-04-10,9935000,2016-04-18,공학대학RC행정팀(ERICA),취득,5,4,확정,자체구입,C352,
5611210824917370,책상용콤비의자,서울,2021-03-30,491000,2021-04-13,글로벌문화통상대학RC행정팀(ERICA),취득,10,1,확정,자체구입,C360,
4321150724355228,데스크톱컴퓨터,ERICA,2018-09-12,12557000,2018-09-24,경상대학RC행정팀(ERICA),취득,5,5,확정,자체구입,C364,
5610170325114372,책상,서울,2015-06-11,12266000,2015-06-18,시설팀(ERICA),취득,9,2,확정,자체구입,A351,
5612179825616834,칠판보조장,ERICA,2017-08-21,9878000,2017-09-03,경상대학RC행정팀(ERICA),취득,7,1,확정,자체구입,C364,
5612179825616834,칠판보조장,ERICA,2016-05-07,33180000,2016-05-15,경상대학RC행정팀(ERICA),취득,7,3,확정,자체구입,C364,
5611210224128496,작업용의자,서울,2018-08-19,1327000,2018-08-23,글로벌문화통상대학RC행정팀(ERICA),취득,8,13,확정,자체구입,C360,
4321150724158946,데스크톱컴퓨터,서울,2017-07-08,1483000,2017-07-20,학생지원팀(ERICA),취득,5,3,확정,자체구입,A320,
4320180323809899,하드디스크드라이브,ERICA,2019-02-08,5695000,2019-02-15,시설팀(ERICA),취득,7,1,확정,자체구입,A351,
4322260923908131,네트워크라우터,서울,2025-04-26,2627000,2025-05-10,시설팀(ERICA),취득,9,5,확정,자체구입,A351,
5612179825616834,칠판보조장,ERICA,2025-03-29,19917000,2025-04-04,경상대학RC행정팀(ERICA),취득,7,2,확정,자체구입,C364,
4322260923908131,네트워크라우터,ERICA,2024-10-04,532000,2024-10-12,시설팀(ERICA),취득,9,1,확정,자체구입,A351,
4321150324343967,노트북컴퓨터,ERICA,2024-11-08,4317000,2024-11-15,학생지원팀(ERICA),취득,6,4,확정,자체구입,A320,
5610170325114372,책상,ERICA,2024-07-29,16615000,2024-08-12,소프트웨어융합대학RC행정팀(ERICA),취득,9,3,확정,자체구입,C354,
4321210523858386,레이저프린터,서울,2025-09-20,15751000,2025-10-04,시설팀(ERICA),취득,6,5,확정,자체구입,A351,
4321210523858386,레이저프린터,서울,2016-08-08,10976000,2016-08-22,소프트웨어융합대학RC행정팀(ERICA),취득,6,3,확정,자체구입,C354,
4321190224407366,LCD패널또는모니터,서울,2022-03-08,1108000,2022-03-21,글로벌문화통상대학RC행정팀(ERICA),취득,5,2,확정,자체구입,C360,
4411191125460962,인터랙티브화이트보드및액세서리,서울,2022-05-24,67054000,2022-06-07,글로벌문화통상대학RC행정팀(ERICA),취득,7,3,확정,자체구입,C360,
4321150324343967,노트북컴퓨터,서울,2018-10-20,5933000,2018-11-03,소프트웨어융합대학RC행정팀(ERICA),취득,6,5,확정,자체구입,C354,
5612179825616834,칠판보조장,서울,2021-11-07,52462000,2021-11-12,학생지원팀(ERICA),취득,7,5,확정,자체구입,A320,
4321150724158946,데스크톱컴퓨터,ERICA,2022-09-30,2097000,2022-10-09,소프트웨어융합대학RC행정팀(ERICA),취득,5,4,확정,자체구입,C354,
4411191125460962,인터랙티브화이트보드및액세서리,ERICA,2021-02-04,68885000,2021-02-17,공학대학RC행정팀(ERICA),취득,7,3,확정,자체구입,C352,
4411191125460962,인터랙티브화이트보드및액세서리,서울,2024-03-25,48494000,2024-03-29,글로벌문화통상대학RC행정팀(ERICA),취득,7,2,확정,자체구입,C360,
4321150324343967,노트북컴퓨터,서울,2021-12-27,27872000,2021-12-31,소프트웨어융합대학RC행정팀(ERICA),취득,6,27,확정,자체구입,C354,전산 실습실 공용 장비
4321150724158946,데스크톱컴퓨터,ERICA,2019-04-21,1722000,2019-04-28,학생지원팀(ERICA),취득,5,3,확정,자체구입,A320,
5612179825616834,칠판보조장,서울,2017-04-30,10343000,2017-05-07,소프트웨어융합대학RC행정팀(ERICA),취득,7,1,확정,자체구입,C354,노후 기자재 교체
4321150724355228,데스크톱컴퓨터,ERICA,2015-06-08,7370000,2015-06-15,학생지원팀(ERICA),취득,5,3,확정,자체구입,A320,
5611210824917370,책상용콤비의자,서울,2018-09-13,2498000,2018-09-27,공학대학RC행정팀(ERICA),취득,10,5,확정,자체구입,C352,
4322330822060848,네트워크시스템장비용랙,서울,2019-04-12,3643000,2019-04-21,학생지원팀(ERICA),취득,10,4,확정,자체제작,A320,
4321150724158946,데스크톱컴퓨터,서울,2020-01-27,2045000,2020-01-30,경상대학RC행정팀(ERICA),취득,5,4,확정,자체구입,C364,전산 실습실 고정형 PC
4321150724355228,데스크톱컴퓨터,ERICA,2022-04-30,5763000,2022-05-14,학생지원팀(ERICA),취득,5,2,확정,자체구입,A320,
4411191125460962,인터랙티브화이트보드및액세서리,서울,2015-05-04,66071000,2015-05-09,공학대학RC행정팀(ERICA),취득,7,3,확정,자체구입,C352,
4321150324343967,노트북컴퓨터,ERICA,2021-07-04,3203000,2021-07-12,글로벌문화통상대학RC행정팀(ERICA),취득,6,3,확정,자체구입,C360,교수·연구원 업무용
5612179825616834,칠판보조장,서울,2018-09-03,33039000,2018-09-15,시설팀(ERICA),취득,7,3,확정,자체구입,A351,
4321150724355228,데스크톱컴퓨터,ERICA,2021-12-25,11280000,2022-01-05,학생지원팀(ERICA),취득,5,4,확정,자체구입,A320,
4411191125460962,인터랙티브화이트보드및액세서리,ERICA,2015-02-26,122740000,2015-03-12,공학대학RC행정팀(ERICA),취득,7,5,확정,자체구입,C352,
5610170325114372,책상,서울,2019-08-15,10843000,2019-08-19,글로벌문화통상대학RC행정팀(ERICA),취득,9,2,확정,자체구입,C360,
4321150324343967,노트북컴퓨터,서울,2023-07-20,4370000,2023-08-01,공학대학RC행정팀(ERICA),취득,6,4,확정,자체구입,C352,
5610170325114372,책상,ERICA,2025-05-01,23142000,,시설팀(ERICA),취득,9,4,대기,자체구입,A351,
4321190224407366,LCD패널또는모니터,서울,2023-05-01,2182000,2023-05-05,소프트웨어융합대학RC행정팀(ERICA),취득,5,4,확정,자체구입,C354,
4322260923908131,네트워크라우터,ERICA,2019-07-24,1038000,2019-08-02,시설팀(ERICA),취득,9,2,확정,자체구입,A351,
4411191125460962,인터랙티브화이트보드및액세서리,서울,2025-10-19,47537000,2025-10-26,공학대학RC행정팀(ERICA),취득,7,2,확정,자체구입,C352,
4322260923908131,네트워크라우터,ERICA,2020-05-15,1131000,2020-05-23,시설팀(ERICA),취득,9,2,확정,자체구입,A351,
4321150724158946,데스크톱컴퓨터,서울,2023-09-27,1692000,2023-10-01,공학대학RC행정팀(ERICA),취득,5,3,확정,자체구입,C352,연구실 분석 업무용
4321150324510198,노트북컴퓨터,서울,2022-04-18,1045000,2022-04-30,공학대학RC행정팀(ERICA),취득,6,2,확정,자체구입,C352,
4321150324510198,노트북컴퓨터,서울,2024-10-03,20817000,2024-10-07,시설팀(ERICA),취득,6,40,확정,자체구입,A351,
4321150324343967,노트북컴퓨터,서울,2017-03-22,3207000,2017-04-04,학생지원팀(ERICA),취득,6,3,확정,자체구입,A320,
4321150324510198,노트북컴퓨터,ERICA,2022-01-17,15785000,2022-01-30,공학대학RC행정팀(ERICA),취득,6,28,확정,자체구입,C352,
4321210523858386,레이저프린터,ERICA,2026-01-16,14609000,2026-01-30,학생지원팀(ERICA),취득,6,4,확정,자체구입,A320,행정 문서 출력용
4321150324343967,노트북컴퓨터,ERICA,2015-08-23,3451000,2015-08-27,경상대학RC행정팀(ERICA),취득,6,3,확정,자체구입,C364,
4321150324343967,노트북컴퓨터,서울,2019-09-06,1112000,2019-09-20,글로벌문화통상대학RC행정팀(ERICA),취득,6,1,확정,자체구입,C360,
4321150324343967,노트북컴퓨터,서울,2021-04-16,33625000,2021-04-25,공학대학RC행정팀(ERICA),취득,6,27,확정,자체구입,C352,
4321171124204348,스캐너,ERICA,2019-02-03,16306000,2019-02-15,공학대학RC행정팀(ERICA),취득,6,3,확정,자체구입,C352,
4321150324343967,노트북컴퓨터,서울,2025-07-01,5287000,,학생지원팀(ERICA),취득,6,5,대기,자체구입,A320,
5610170325114372,책상,서울,2024-02-03,6506000,2024-02-11,시설팀(ERICA),취득,9,1,확정,자체구입,A351,
5611210824917370,책상용콤비의자,ERICA,2022-11-29,11971000,2022-12-05,글로벌문화통상대학RC행정팀(ERICA),취득,10,26,확정,자체구입,C360,사무환경 개선
4320180323809899,하드디스크드라이브,ERICA,2015-01-09,5341000,2015-01-17,시설팀(ERICA),취득,7,1,확정,자체구입,A351,
4320180323809899,하드디스크드라이브,ERICA,2024-10-11,9734000,,학생지원팀(ERICA),취득,7,2,대기,자체구입,A320,
4321150724355228,데스크톱컴퓨터,서울,2016-09-15,11529000,2016-09-28,소프트웨어융합대학RC행정팀(ERICA),취득,5,4,확정,자체구입,C354,
4321150324510198,노트북컴퓨터,서울,2015-11-20,2231000,2015-12-01,시설팀(ERICA),취득,6,4,확정,자체구입,A351,
4321150724355228,데스크톱컴퓨터,ERICA,2021-03-10,9885000,2021-03-19,학생지원팀(ERICA),취득,5,4,확정,자체구입,A320,
4321190224407366,LCD패널또는모니터,ERICA,2025-04-09,1922000,,시설팀(ERICA),취득,5,4,대기,자체구입,A351,
5610170325114372,책상,서울,2019-01-01,30177000,2019-01-08,소프트웨어융합대학RC행정팀(ERICA),취득,9,5,확정,자체구입,C354,
4321150724158946,데스크톱컴퓨터,ERICA,2018-10-02,1979000,2018-10-12,글로벌문화통상대학RC행정팀(ERICA),취득,5,4,확정,자체구입,C360,
4411191125460962,인터랙티브화이트보드및액세서리,서울,2018-07-08,90877000,2018-07-19,공학대학RC행정팀(ERICA),취득,7,4,확정,자체구입,C352,
4321210523858386,레이저프린터,ERICA,2019-06-08,6704000,2019-06-21,학생지원팀(ERICA),취득,6,2,확정,자체구입,A320,행정 문서 출력용
4321150324510198,노트북컴퓨터,ERICA,2015-07-10,13571000,2015-07-21,소프트웨어융합대학RC행정팀(ERICA),취득,6,23,확정,자체구입,C354,
5611210224128496,작업용의자,ERICA,2024-07-11,204000,2024-07-24,소프트웨어융합대학RC행정팀(ERICA),취득,8,2,확정,자체구입,C354,
4321190224407366,LCD패널또는모니터,ERICA,2015-06-30,2318000,2015-07-06,소프트웨어융합대학RC행정팀(ERICA),취득,5,5,확정,자체구입,C354,
4321150724355228,데스크톱컴퓨터,서울,2016-05-01,5178000,2016-05-06,학생지원팀(ERICA),취득,5,2,확정,자체구입,A320,
5611210824917370,책상용콤비의자,ERICA,2020-06-05,1799000,2020-06-13,시설팀(ERICA),취득,10,4,확정,자체구입,A351,
4411191125460962,인터랙티브화이트보드및액세서리,ERICA,2017-03-22,89457000,2017-03-30,소프트웨어융합대학RC행정팀(ERICA),취득,7,4,확정,자체구입,C354,
4321150324510198,노트북컴퓨터,ERICA,2020-07-17,2092000,2020-07-20,글로벌문화통상대학RC행정팀(ERICA),취득,6,4,확정,자체구입,C360,전산 실습실 공용 장비
4321150324510198,노트북컴퓨터,서울,2015-02-05,2128000,2015-02-08,시설팀(ERICA),취득,6,4,확정,자체구입,A351,
4321150724355228,데스크톱컴퓨터,서울,2023-06-26,2766000,2023-06-29,학생지원팀(ERICA),취득,5,1,확정,자체구입,A320,
5611210224128496,작업용의자,ERICA,2017-08-29,398000,2017-09-08,공학대학RC행정팀(ERICA),취득,8,4,확정,자체구입,C352,
4321150324343967,노트북컴퓨터,ERICA,2019-05-21,4437000,2019-05-25,공학대학RC행정팀(ERICA),취득,6,4,확정,자체구입,C352,
4321150724158946,데스크톱컴퓨터,서울,2019-10-09,1153000,2019-10-21,소프트웨어융합대학RC행정팀(ERICA),취득,5,2,확정,자체구입,C354,
4321190224407366,LCD패널또는모니터,ERICA,2024-10-14,1896000,2024-10-21,학생지원팀(ERICA),취득,5,4,확정,자체구입,A320,
5611210824917370,책상용콤비의자,ERICA,2017-05-05,945000,2017-05-15,공학대학RC행정팀(ERICA),취득,10,2,확정,자체구입,C352,
4321190224407366,LCD패널또는모니터,ERICA,2021-08-17,2616000,2021-08-25,학생지원팀(ERICA),취득,5,5,확정,자체구입,A320,
4321190224407366,LCD패널또는모니터,서울,2024-05-02,1077000,2024-05-14,학생지원팀(ERICA),취득,5,2,확정,자체구입,A320,
4321150324510198,노트북컴퓨터,서울,2020-02-03,2910000,2020-02-07,공학대학RC행정팀(ERICA),취득,6,5,확정,자체구입,C352,
4322260923908131,네트워크라우터,ERICA,2019-11-11,1657000,2019-11-14,시설팀(ERICA),취득,9,3,확정,자체구입,A351,
4321150324343967,노트북컴퓨터,서울,2019-07-02,4751000,2019-07-13,학생지원팀(ERICA),취득,6,4,확정,자체구입,A320,
4321150324343967,노트북컴퓨터,서울,2025-02-12,42953000,2025-02-19,학생지원팀(ERICA),취득,6,39,확정,자체구입,A320,
4321150324510198,노트북컴퓨터,ERICA,2018-03-08,21534000,2018-03-19,학생지원팀(ERICA),취득,6,38,확정,자체구입,A320,
4322260923908131,네트워크라우터,서울,2021-06-03,1716000,2021-06-12,시설팀(ERICA),취득,9,3,확정,자체구입,A351,
4321150324510198,노트북컴퓨터,ERICA,2019-05-22,2576000,2019-06-02,공학대학RC행정팀(ERICA),취득,6,5,확정,자체구입,C352,
4321190224407366,LCD패널또는모니터,서울,2018-08-07,1014000,2018-08-20,시설팀(ERICA),취득,5,2,확정,자체구입,A351,
5611210224128496,작업용의자,서울,2017-09-23,439000,2017-10-07,글로벌문화통상대학RC행정팀(ERICA),취득,8,5,확정,자체구입,C360,
4321171124204348,스캐너,서울,2019-02-05,11903000,2019-02-10,경상대학RC행정팀(ERICA),취득,6,2,확정,자체구입,C364,
5611210224128496,작업용의자,서울,2019-10-30,4249000,2019-11-08,시설팀(ERICA),취득,8,46,확정,자체구입,A351,
4321150324343967,노트북컴퓨터,서울,2024-06-08,3335000,2024-06-16,학생지원팀(ERICA),취득,6,3,확정,자체구입,A320,AI 실습 수업용 노트북
4321150324343967,노트북컴퓨터,ERICA,2022-01-30,2175000,2022-02-11,경상대학RC행정팀(ERICA),취득,6,2,확정,자체구입,C364,
4321210523858386,레이저프린터,ERICA,2020-10-12,10782000,2020-10-16,시설팀(ERICA),취득,6,3,확정,자체구입,A351,
4321190224407366,LCD패널또는모니터,서울,2015-10-18,2072000,2015-10-26,경상대학RC행정팀(ERICA),취득,5,4,확정,자체구입,C364,
4321150724355228,데스크톱컴퓨터,ERICA,2025-10-24,7853000,2025-10-30,공학대학RC행정팀(ERICA),취득,5,3,확정,자체구입,C352,
4321150324343967,노트북컴퓨터,서울,2021-02-07,2227000,2021-02-15,공학대학RC행정팀(ERICA),취득,6,2,확정,자체구입,C352,
4321150724355228,데스크톱컴퓨터,ERICA,2023-09-02,7960000,2023-09-13,공학대학RC행정팀(ERICA),취득,5,3,확정,자체구입,C352,
4321190224407366,LCD패널또는모니터,ERICA,2021-04-28,531000,2021-05-08,공학대학RC행정팀(ERICA),취득,5,1,확정,자체구입,C352,
4321150724355228,데스크톱컴퓨터,ERICA,2018-05-15,8390000,2018-05-27,경상대학RC행정팀(ERICA),취득,5,3,확정,자체구입,C364,
4321190224407366,LCD패널또는모니터,서울,2022-06-07,2252000,2022-06-15,소프트웨어융합대학RC행정팀(ERICA),취득,5,4,확정,자체구입,C354,
5611210224128496,작업용의자,ERICA,2024-06-01,2210000,2024-06-06,공학대학RC행정팀(ERICA),취득,8,26,확정,자체구입,C352,
4321150724158946,데스크톱컴퓨터,ERICA,2017-07-14,2882000,2017-07-26,공학대학RC행정팀(ERICA),취득,5,5,확정,자체제작,C352,
4321190224407366,LCD패널또는모니터,서울,2023-01-15,927000,2023-01-28,글로벌문화통상대학RC행정팀(ERICA),취득,5,2,확정,자체구입,C360,
5610170325114372,책상,서울,2022-04-23,5476000,2022-04-27,학생지원팀(ERICA),취득,9,1,확정,자체구입,A320,
4321150724355228,데스크톱컴퓨터,서울,2015-09-02,2741000,2015-09-05,공학대학RC행정팀(ERICA),취득,5,1,확정,기증,C352,
4321150724158946,데스크톱컴퓨터,서울,2024-09-04,1655000,2024-09-11,소프트웨어융합대학RC행정팀(ERICA),취득,5,3,확정,자체구입,C354,
5610170325114372,책상,서울,2016-11-13,6428000,2016-11-16,시설팀(ERICA),취득,9,1,확정,자체구입,A351,
4321150324510198,노트북컴퓨터,ERICA,2020-11-09,23384000,2020-11-17,경상대학RC행정팀(ERICA),취득,6,40,확정,자체구입,C364,
4322260923908131,네트워크라우터,서울,2016-02-21,2528000,2016-03-01,시설팀(ERICA),취득,9,5,확정,자체구입,A351,
4321150724355228,데스크톱컴퓨터,ERICA,2015-02-27,13109000,2015-03-13,경상대학RC행정팀(ERICA),취득,5,5,확정,자체구입,C364,
4321150324343967,노트북컴퓨터,ERICA,2021-01-19,1125000,2021-02-02,시설팀(ERICA),취득,6,1,확정,자체구입,A351,학과 공용 전산 자산
5611210824917370,책상용콤비의자,ERICA,2015-04-22,21121000,2015-05-05,글로벌문화통상대학RC행정팀(ERICA),취득,10,43,확정,자체구입,C360,
4321150724158946,데스크톱컴퓨터,서울,2025-03-02,550000,2025-03-12,학생지원팀(ERICA),취득,5,1,확정,자체구입,A320,
4411191125460962,인터랙티브화이트보드및액세서리,서울,2022-10-31,43976000,2022-11-13,소프트웨어융합대학RC행정팀(ERICA),취득,7,2,확정,자체구입,C354,
4321150724355228,데스크톱컴퓨터,ERICA,2019-06-25,4742000,2019-07-03,학생지원팀(ERICA),취득,5,2,확정,자체구입,A320,
5610170325114372,책상,ERICA,2018-01-22,149547000,2018-01-28,공학대학RC행정팀(ERICA),취득,9,27,확정,자체구입,C352,
5611210224128496,작업용의자,서울,2020-11-05,99000,2020-11-11,소프트웨어융합대학RC행정팀(ERICA),취득,8,1,확정,자체구입,C354,
5611210224128496,작업용의자,서울,2017-08-19,191000,2017-08-31,경상대학RC행정팀(ERICA),취득,8,2,확정,자체구입,C364,
5610170325114372,책상,ERICA,2015-12-05,28418000,2015-12-15,소프트웨어융합대학RC행정팀(ERICA),취득,9,5,확정,자체구입,C354,
5611210224128496,작업용의자,ERICA,2016-12-02,101000,2016-12-10,글로벌문화통상대학RC행정팀(ERICA),취득,8,1,확정,자체구입,C360,
4321190224407366,LCD패널또는모니터,ERICA,2016-11-06,1105000,2016-11-19,공학대학RC행정팀(ERICA),취득,5,2,확정,자체구입,C352,
4321190224407366,LCD패널또는모니터,서울,2015-11-16,561000,2015-11-24,소프트웨어융합대학RC행정팀(ERICA),취득,5,1,확정,자체구입,C354,
5611210224128496,작업용의자,서울,2021-12-19,93000,2021-12-24,경상대학RC행정팀(ERICA),취득,8,1,확정,자체구입,C364,
5611210224128496,작업용의자,서울,2019-07-08,188000,2019-07-16,글로벌문화통상대학RC행정팀(ERICA),취득,8,2,확정,자체구입,C360,
4411191125460962,인터랙티브화이트보드및액세서리,서울,2018-11-03,66903000,2018-11-13,공학대학RC행정팀(ERICA),취득,7,3,확정,자체구입,C352,
4321150724355228,데스크톱컴퓨터,서울,2024-12-26,10285000,2024-12-29,소프트웨어융합대학RC행정팀(ERICA),취득,5,4,확정,자체구입,C354,
4321150724158946,데스크톱컴퓨터,ERICA,2023-11-29,1658000,2023-12-09,소프트웨어융합대학RC행정팀(ERICA),취득,5,3,확정,자체구입,C354,연구실 분석 업무용
4320180323809899,하드디스크드라이브,서울,2022-02-17,24606000,2022-02-20,시설팀(ERICA),취득,7,5,확정,자체구입,A351,
5610170325114372,책상,ERICA,2016-04-27,67644000,2016-05-07,학생지원팀(ERICA),취득,9,11,확정,자체구입,A320,
4321190224407366,LCD패널또는모니터,ERICA,2020-03-11,1502000,2020-03-15,공학대학RC행정팀(ERICA),취득,5,3,확정,자체구입,C352,
4321150324510198,노트북컴퓨터,서울,2025-01-11,2740000,2025-01-23,글로벌문화통상대학RC행정팀(ERICA),취득,6,5,확정,자체구입,C360,
5610170325114372,책상,서울,2018-12-28,164518000,2019-01-03,경상대학RC행정팀(ERICA),취득,9,27,확정,자체구입,C364,
4321150724158946,데스크톱컴퓨터,서울,2020-11-26,561000,2020-11-29,학생지원팀(ERICA),취득,5,1,확정,자체구입,A320,
4321150324510198,노트북컴퓨터,서울,2017-07-07,15806000,2017-07-17,학생지원팀(ERICA),취득,6,28,확정,자체구입,A320,
5610170325114372,책상,서울,2019-05-11,18634000,2019-05-24,소프트웨어융합대학RC행정팀(ERICA),취득,9,3,확정,자체제작,C354,
4321150324343967,노트북컴퓨터,ERICA,2025-10-18,4636000,2025-10-23,공학대학RC행정팀(ERICA),취득,6,4,확정,자체제작,C352,
4321150724158946,데스크톱컴퓨터,서울,2021-04-08,506000,2021-04-14,공학대학RC행정팀(ERICA),취득,5,1,확정,자체구입,C352,
4323290225461942,통신서버소프트웨어,ERICA,2018-07-02,60000000,2018-07-24,시설팀(ERICA),취득,6,1,확정,자체구입,A351,시설팀(ERICA) 서버실 운용
4323290225461942,통신서버소프트웨어,ERICA,2020-03-20,60000000,2020-04-03,시설팀(ERICA),취득,6,1,확정,자체구입,A351,시설팀(ERICA) 서버실 운용
4323290225461942,통신서버소프트웨어,ERICA,2024-10-12,60000000,2024-10-23,시설팀(ERICA),취득,6,1,확정,자체구입,A351,시설팀(ERICA) 서버실 운용
4323290225461942,통신서버소프트웨어,ERICA,2017-03-13,60000000,2017-03-22,학생지원팀(ERICA),취득,6,1,확정,자체구입,A320,학생지원팀(ERICA) 서버실 운용
