반납일자,반납확정일자,등록자ID,등록자명,승인상태,G2B_목록번호,G2B_목록명,물품고유번호,취득일자,취득금액,정리일자,운용부서,운용상태,물품상태,사유
2022-07-07,,badbergjr,박대리,반려,4321150324343967,노트북컴퓨터,M202100333,2021-11-20,21780000,2021-12-06,소프트웨어융합대학RC행정팀(ERICA),운용,신품,공용전환
2023-04-30,2023-05-14,badbergjr,박대리,확정,4321150324510198,노트북컴퓨터,M202300400,2023-01-15,9112000,2023-01-29,소프트웨어융합대학RC행정팀(ERICA),반납,중고품,사업종료
2023-10-11,2023-10-24,badbergjr,박대리,확정,4321150324510198,노트북컴퓨터,M202300406,2023-01-15,9112000,2023-01-29,소프트웨어융합대학RC행정팀(ERICA),반납,신품,사업종료
2021-06-13,2021-06-26,badbergjr,박대리,확정,4321150724355228,데스크톱컴퓨터,M202000570,2020-08-15,38000000,2020-08-25,소프트웨어융합대학RC행정팀(ERICA),반납,신품,잉여물품
2020-01-04,2020-01-13,badbergjr,박대리,확정,4321150724158946,데스크톱컴퓨터,M201900629,2019-10-27,549000,2019-11-02,소프트웨어융합대학RC행정팀(ERICA),반납,신품,사업종료
2017-12-09,2017-12-23,badbergjr,박대리,확정,4321190224407366,액정모니터,M201700634,2017-08-07,9025000,2017-08-21,소프트웨어융합대학RC행정팀(ERICA),반납,중고품,공용전환
2022-10-24,,badbergjr,박대리,반려,4321190224407366,액정모니터,M202200447,2022-07-19,5652000,2022-07-28,소프트웨어융합대학RC행정팀(ERICA),운용,신품,사업종료
2025-01-11,,badbergjr,박대리,대기,4321190224407366,액정모니터,M202200449,2022-07-19,5652000,2022-07-28,소프트웨어융합대학RC행정팀(ERICA),운용,신품,공용전환
2022-10-23,2022-10-28,badbergjr,박대리,확정,4321190224407366,액정모니터,M202200451,2022-07-19,5652000,2022-07-28,소프트웨어융합대학RC행정팀(ERICA),반납,신품,잉여물품
2023-05-03,2023-05-17,badbergjr,박대리,확정,4321190224407366,액정모니터,M202200454,2022-07-19,5652000,2022-07-28,소프트웨어융합대학RC행정팀(ERICA),반납,신품,잉여물품
2025-12-18,,badbergjr,박대리,대기,4321190224407366,액정모니터,M202200456,2022-07-19,5652000,2022-07-28,소프트웨어융합대학RC행정팀(ERICA),운용,중고품,사업종료
2018-06-29,2018-07-06,badbergjr,박대리,확정,4321190224407366,액정모니터,M201800749,2018-04-05,6188000,2018-04-25,소프트웨어융합대학RC행정팀(ERICA),반납,중고품,사업종료
2020-08-11,2020-08-16,badbergjr,박대리,확정,4321190224407366,액정모니터,M202000573,2020-01-20,968000,2020-01-24,소프트웨어융합대학RC행정팀(ERICA),반납,신품,잉여물품
2025-02-26,,badbergjr,박대리,대기,4321210523858386,레이저프린터,M202000579,2020-10-21,3423000,2020-10-26,소프트웨어융합대학RC행정팀(ERICA),운용,중고품,사업종료
2007-09-13,2007-09-21,badbergjr,박대리,확정,4322330822060848,네트워크시스템장비용랙,M200700761,2007-07-11,3164000,2007-07-16,소프트웨어융합대학RC행정팀(ERICA),반납,신품,사업종료
2019-04-24,2019-05-08,badbergjr,박대리,확정,4322330822060848,네트워크시스템장비용랙,M201800766,2018-08-20,3408000,2018-08-23,소프트웨어융합대학RC행정팀(ERICA),반납,신품,잉여물품
2024-10-12,,badbergjr,박대리,대기,4322330822060848,네트워크시스템장비용랙,M201800768,2018-08-20,3408000,2018-08-23,소프트웨어융합대학RC행정팀(ERICA),운용,신품,공용전환
2020-06-12,2020-06-16,badbergjr,박대리,확정,5216150523860502,텔레비전,M201900670,2019-09-02,4092000,2019-09-05,소프트웨어융합대학RC행정팀(ERICA),반납,신품,사업종료
2019-01-27,2019-02-06,badbergjr,박대리,확정,5610170325114372,책상,M201800776,2018-04-09,16698000,2018-04-16,소프트웨어융합대학RC행정팀(ERICA),반납,신품,공용전환
2018-02-20,2018-03-06,badbergjr,박대리,확정,5610170325114372,책상,M201700668,2017-02-16,65400000,2017-03-02,소프트웨어융합대학RC행정팀(ERICA),반납,중고품,사업종료
2017-06-09,2017-06-21,badbergjr,박대리,확정,5610170325114372,책상,M201700673,2017-02-16,65400000,2017-03-02,소프트웨어융합대학RC행정팀(ERICA),반납,신품,사업종료
2009-09-04,2009-09-07,badbergjr,박대리,확정,5610170325114372,책상,M200901171,2009-08-08,84512000,2009-08-18,소프트웨어융합대학RC행정팀(ERICA),반납,중고품,공용전환
2018-11-25,,badbergjr,박대리,반려,5610170325114372,책상,M201800804,2018-08-29,88496000,2018-09-12,소프트웨어융합대학RC행정팀(ERICA),운용,중고품,사업종료
2019-03-12,2019-03-17,badbergjr,박대리,확정,5610170325114372,책상,M201800805,2018-08-29,88496000,2018-09-12,소프트웨어융합대학RC행정팀(ERICA),반납,신품,공용전환
2019-02-26,2019-03-08,badbergjr,박대리,확정,5610170325114372,책상,M201800808,2018-08-29,88496000,2018-09-12,소프트웨어융합대학RC행정팀(ERICA),반납,신품,잉여물품
2018-10-24,2018-11-03,badbergjr,박대리,확정,5610170325114372,책상,M201800810,2018-08-29,88496000,2018-09-12,소프트웨어융합대학RC행정팀(ERICA),반납,중고품,사업종료
2016-04-07,2016-04-17,badbergjr,박대리,확정,5610170325114372,책상,M201500800,2015-08-16,16872000,2015-08-19,소프트웨어융합대학RC행정팀(ERICA),반납,중고품,공용전환
2016-06-20,2016-07-04,badbergjr,박대리,확정,5610170325114372,책상,M201500800,2015-08-16,16872000,2015-08-19,학생지원팀(ERICA),반납,중고품,사업종료
2019-09-06,2019-09-18,badbergjr,박대리,확정,5610170325114372,책상,M201800780,2018-11-07,17739000,2018-11-12,소프트웨어융합대학RC행정팀(ERICA),반납,신품,공용전환
2025-01-29,,badbergjr,박대리,대기,5610170325114372,책상,M201800790,2018-05-05,68568000,2018-05-17,소프트웨어융합대학RC행정팀(ERICA),운용,신품,잉여물품
2025-02-25,,badbergjr,박대리,대기,5610170325114372,책상,M201800793,2018-05-05,68568000,2018-05-17,소프트웨어융합대학RC행정팀(ERICA),운용,중고품,사업종료
2008-09-16,2008-09-19,badbergjr,박대리,확정,5610170325114372,책상,M200700777,2007-10-11,16917000,2007-10-18,소프트웨어융합대학RC행정팀(ERICA),반납,신품,잉여물품
2016-06-29,2016-07-13,badbergjr,박대리,확정,5610170325114372,책상,M201600883,2016-05-08,17505000,2016-05-12,소프트웨어융합대학RC행정팀(ERICA),반납,정비필요품,사업종료
2016-12-01,2016-12-06,badbergjr,박대리,확정,5610170325114372,책상,M201600884,2016-05-08,17505000,2016-05-12,소프트웨어융합대학RC행정팀(ERICA),반납,신품,공용전환
2016-09-22,2016-10-05,badbergjr,박대리,확정,5610170325114372,책상,M201500802,2015-10-24,59378000,2015-11-06,소프트웨어융합대학RC행정팀(ERICA),반납,중고품,공용전환
2016-02-25,2016-03-06,badbergjr,박대리,확정,5610170325114372,책상,M201500806,2015-10-24,59378000,2015-11-06,소프트웨어융합대학RC행정팀(ERICA),반납,신품,사업종료
2016-04-10,2016-04-21,badbergjr,박대리,확정,5610170325114372,책상,M201500810,2015-10-24,59378000,2015-11-06,소프트웨어융합대학RC행정팀(ERICA),반납,신품,잉여물품
2010-04-29,2010-05-02,badbergjr,박대리,확정,5610170325114372,책상,M200901149,2009-06-22,68276000,2009-07-06,소프트웨어융합대학RC행정팀(ERICA),반납,정비필요품,사업종료
2010-02-27,2010-03-08,badbergjr,박대리,확정,5610170325114372,책상,M200901155,2009-06-22,68276000,2009-07-06,소프트웨어융합대학RC행정팀(ERICA),반납,신품,잉여물품
2020-01-16,2020-01-28,badbergjr,박대리,확정,5610170325114372,책상,M201900680,2019-01-16,74516000,2019-01-30,소프트웨어융합대학RC행정팀(ERICA),반납,중고품,사업종료
2025-10-26,,badbergjr,박대리,대기,5610170325114372,책상,M201900682,2019-01-16,74516000,2019-01-30,소프트웨어융합대학RC행정팀(ERICA),운용,중고품,사업종료
2019-07-27,2019-08-03,badbergjr,박대리,확정,5610170325114372,책상,M201900687,2019-01-16,74516000,2019-01-30,소프트웨어융합대학RC행정팀(ERICA),반납,중고품,사업종료
2006-10-18,2006-10-25,badbergjr,박대리,확정,5610170325114372,책상,M200600803,2006-05-11,11024000,2006-05-16,소프트웨어융합대학RC행정팀(ERICA),반납,중고품,사업종료
2024-11-14,,badbergjr,박대리,대기,5610170325114372,책상,M200600804,2006-05-11,11024000,2006-05-16,소프트웨어융합대학RC행정팀(ERICA),운용,신품,잉여물품
2015-11-04,2015-11-11,badbergjr,박대리,확정,5610170325114372,책상,M201500794,2015-07-19,11402000,2015-07-23,소프트웨어융합대학RC행정팀(ERICA),반납,정비필요품,사업종료
2018-08-23,2018-08-31,badbergjr,박대리,확정,5611210224128496,작업용의자,M201800855,2018-01-09,258000,2018-01-14,소프트웨어융합대학RC행정팀(ERICA),반납,중고품,사업종료
2017-11-18,2017-11-21,badbergjr,박대리,확정,5611210224128496,작업용의자,M201700709,2017-01-17,1305000,2017-01-30,소프트웨어융합대학RC행정팀(ERICA),반납,중고품,공용전환
2018-08-04,2018-08-12,badbergjr,박대리,확정,5611210224128496,작업용의자,M201700709,2017-01-17,1305000,2017-01-30,소프트웨어융합대학RC행정팀(ERICA),반납,중고품,사업종료
2018-06-17,2018-06-22,badbergjr,박대리,확정,5611210224128496,작업용의자,M201800890,2018-03-24,1496000,2018-04-08,소프트웨어융합대학RC행정팀(ERICA),반납,신품,공용전환
2018-09-23,2018-09-28,badbergjr,박대리,확정,5611210224128496,작업용의자,M201800893,2018-03-24,1496000,2018-04-08,소프트웨어융합대학RC행정팀(ERICA),반납,중고품,사업종료
2019-07-25,2019-07-28,badbergjr,박대리,확정,5611210224128496,작업용의자,M201800893,2018-03-24,1496000,2018-04-08,경상대학RC행정팀(ERICA),반납,신품,잉여물품
2018-10-17,2018-10-22,badbergjr,박대리,확정,5611210224128496,작업용의자,M201800894,2018-03-24,1496000,2018-04-08,소프트웨어융합대학RC행정팀(ERICA),반납,신품,잉여물품
2019-03-12,2019-03-17,badbergjr,박대리,확정,5611210224128496,작업용의자,M201800896,2018-03-24,1496000,2018-04-08,소프트웨어융합대학RC행정팀(ERICA),반납,신품,잉여물품
2025-04-21,,badbergjr,박대리,대기,5611210224128496,작업용의자,M201800900,2018-03-24,1496000,2018-04-08,소프트웨어융합대학RC행정팀(ERICA),운용,신품,공용전환
2025-05-22,,badbergjr,박대리,대기,5611210224128496,작업용의자,M201800882,2018-09-06,1260000,2018-09-21,소프트웨어융합대학RC행정팀(ERICA),운용,신품,사업종료
2018-01-26,2018-02-09,badbergjr,박대리,확정,5611210224128496,작업용의자,M201700700,2017-01-17,182000,2017-01-20,소프트웨어융합대학RC행정팀(ERICA),반납,정비필요품,사업종료
2019-06-13,2019-06-24,badbergjr,박대리,확정,5611210224128496,작업용의자,M201800862,2018-05-30,1056000,2018-06-17,소프트웨어융합대학RC행정팀(ERICA),반납,중고품,공용전환
2018-08-15,2018-08-23,badbergjr,박대리,확정,5611210224128496,작업용의자,M201800866,2018-05-30,1056000,2018-06-17,소프트웨어융합대학RC행정팀(ERICA),반납,신품,공용전환
2018-10-20,2018-11-01,badbergjr,박대리,확정,5611210224128496,작업용의자,M201800854,2018-01-05,93000,2018-01-08,소프트웨어융합대학RC행정팀(ERICA),반납,중고품,사업종료
2020-05-06,2020-05-19,badbergjr,박대리,확정,5611210824917370,책상용콤비의자,M201900696,2019-10-30,1353000,2019-11-04,소프트웨어융합대학RC행정팀(ERICA),반납,중고품,사업종료
2017-12-21,,badbergjr,박대리,반려,5611210824917370,책상용콤비의자,M201700736,2017-09-20,6225000,2017-10-07,소프트웨어융합대학RC행정팀(ERICA),운용,신품,사업종료
2018-02-18,2018-03-02,badbergjr,박대리,확정,5611210824917370,책상용콤비의자,M201700743,2017-09-20,6225000,2017-10-07,소프트웨어융합대학RC행정팀(ERICA),반납,중고품,사업종료
2025-05-23,,badbergjr,박대리,대기,5611210824917370,책상용콤비의자,M201900693,2019-01-12,1347000,2019-01-15,소프트웨어융합대학RC행정팀(ERICA),운용,신품,잉여물품
2019-10-17,2019-10-24,badbergjr,박대리,확정,5611210824917370,책상용콤비의자,M201900692,2019-05-07,443000,2019-05-13,소프트웨어융합대학RC행정팀(ERICA),반납,중고품,사업종료
2017-09-21,2017-09-28,badbergjr,박대리,확정,5611210824917370,책상용콤비의자,M201700717,2017-05-17,1368000,2017-05-24,소프트웨어융합대학RC행정팀(ERICA),반납,신품,잉여물품
2018-10-26,2018-11-08,badbergjr,박대리,확정,5611210824917370,책상용콤비의자,M201800904,2018-07-07,1362000,2018-07-14,소프트웨어융합대학RC행정팀(ERICA),반납,중고품,사업종료
2018-03-21,2018-03-27,badbergjr,박대리,확정,5611210824917370,책상용콤비의자,M201700724,2017-12-31,4050000,2018-01-12,소프트웨어융합대학RC행정팀(ERICA),반납,중고품,공용전환
2022-09-04,2022-09-09,badbergjr,박대리,확정,5612179825616834,칠판보조장,M202200486,2022-05-22,32004000,2022-05-27,소프트웨어융합대학RC행정팀(ERICA),반납,중고품,공용전환
2025-04-30,,badbergjr,박대리,대기,5612179825616834,칠판보조장,M201400563,2014-05-23,47300000,2014-05-27,소프트웨어융합대학RC행정팀(ERICA),운용,신품,사업종료
2014-10-31,2014-11-04,badbergjr,박대리,확정,5612179825616834,칠판보조장,M201400566,2014-05-23,47300000,2014-05-27,소프트웨어융합대학RC행정팀(ERICA),반납,중고품,사업종료
2009-11-15,2009-11-28,badbergjr,박대리,확정,5612179825616834,칠판보조장,M200901242,2009-04-15,46490000,2009-04-18,소프트웨어융합대학RC행정팀(ERICA),반납,중고품,사업종료
2017-10-23,2017-10-30,badbergjr,박대리,확정,5612179825616834,칠판보조장,M201600897,2016-12-20,51475000,2016-12-26,소프트웨어융합대학RC행정팀(ERICA),반납,신품,사업종료
2015-12-27,2016-01-03,badbergjr,박대리,확정,5612179825616834,칠판보조장,M201500854,2015-03-10,39076000,2015-03-14,소프트웨어융합대학RC행정팀(ERICA),반납,중고품,공용전환
2022-12-20,2023-01-03,badbergjr,박대리,확정,5612179825616834,칠판보조장,M202200484,2022-02-24,10515000,2022-02-28,소프트웨어융합대학RC행정팀(ERICA),반납,중고품,사업종료
2017-03-28,2017-04-09,badbergjr,박대리,확정,5610150222528723,소파,M201700655,2017-02-03,2944000,2017-02-07,소프트웨어융합대학RC행정팀(ERICA),반납,신품,사업종료
2019-01-03,,badbergjr,박대리,반려,5610150222528723,소파,M201800774,2018-02-13,759000,2018-02-18,소프트웨어융합대학RC행정팀(ERICA),운용,중고품,사업종료
2017-03-19,2017-03-24,badbergjr,박대리,확정,5610150222528723,소파,M201600871,2016-06-02,3815000,2016-06-08,소프트웨어융합대학RC행정팀(ERICA),반납,중고품,공용전환
2017-10-02,,badbergjr,박대리,반려,5610170622575869,회의용탁자,M201700677,2017-07-14,7670000,2017-07-29,소프트웨어융합대학RC행정팀(ERICA),운용,신품,사업종료
2018-04-09,2018-04-20,badbergjr,박대리,확정,5610170622575869,회의용탁자,M201700679,2017-07-14,7670000,2017-07-29,소프트웨어융합대학RC행정팀(ERICA),반납,신품,잉여물품
2019-03-10,2019-03-24,badbergjr,박대리,확정,5610170622575869,회의용탁자,M201800847,2018-09-03,14500000,2018-09-23,소프트웨어융합대학RC행정팀(ERICA),반납,중고품,사업종료
2019-04-10,2019-04-18,badbergjr,박대리,확정,5610170622575869,회의용탁자,M201800831,2018-08-12,11616000,2018-08-21,소프트웨어융합대학RC행정팀(ERICA),반납,중고품,공용전환
2016-06-04,2016-06-14,badbergjr,박대리,확정,4512150425468676,디지털카메라,M201500782,2015-07-29,8253000,2015-08-05,소프트웨어융합대학RC행정팀(ERICA),반납,신품,사업종료
2022-08-24,2022-08-31,badbergjr,박대리,확정,4321150324343967,노트북컴퓨터,M202200342,2022-02-09,3495000,2022-02-13,공학대학RC행정팀(ERICA),반납,중고품,공용전환
2024-12-10,2024-12-13,badbergjr,박대리,확정,4321150724355228,데스크톱컴퓨터,M202400515,2024-11-04,24350000,2024-11-16,공학대학RC행정팀(ERICA),반납,신품,사업종료
2023-02-14,2023-02-17,badbergjr,박대리,확정,4321150724355228,데스크톱컴퓨터,M202200372,2022-05-27,7932000,2022-06-03,공학대학RC행정팀(ERICA),반납,신품,잉여물품
2025-10-13,,badbergjr,박대리,대기,4321150724355228,데스크톱컴퓨터,M202200366,2022-09-29,2658000,2022-10-06,공학대학RC행정팀(ERICA),운용,중고품,사업종료
2022-08-30,2022-09-10,badbergjr,박대리,확정,4321150724158946,데스크톱컴퓨터,M202100268,2021-11-22,9329000,2021-12-07,공학대학RC행정팀(ERICA),반납,정비필요품,사업종료
2021-01-06,2021-01-13,badbergjr,박대리,확정,4321190224407366,액정모니터,M202000447,2020-01-10,6748000,2020-01-18,공학대학RC행정팀(ERICA),반납,중고품,사업종료
2020-05-04,2020-05-09,badbergjr,박대리,확정,4321190224407366,액정모니터,M202000453,2020-01-10,6748000,2020-01-18,공학대학RC행정팀(ERICA),반납,중고품,사업종료
2023-04-09,2023-04-18,badbergjr,박대리,확정,4321190224407366,액정모니터,M202200373,2022-05-14,507000,2022-05-19,공학대학RC행정팀(ERICA),반납,신품,공용전환
2021-02-24,2021-03-04,badbergjr,박대리,확정,4321190224407366,액정모니터,M202100303,2021-01-09,1464000,2021-01-15,공학대학RC행정팀(ERICA),반납,중고품,사업종료
2021-04-23,,badbergjr,박대리,반려,4321190224407366,액정모니터,M202100304,2021-01-09,1464000,2021-01-15,공학대학RC행정팀(ERICA),운용,중고품,사업종료
2020-08-20,,badbergjr,박대리,반려,4321171124204348,스캐너,M202000443,2020-03-15,5399000,2020-03-21,공학대학RC행정팀(ERICA),운용,신품,공용전환
2019-12-23,2019-12-29,badbergjr,박대리,확정,4322330822060848,네트워크시스템장비용랙,M201900579,2019-10-04,2487000,2019-10-08,공학대학RC행정팀(ERICA),반납,중고품,사업종료
2019-12-17,,badbergjr,박대리,반려,4322330822060848,네트워크시스템장비용랙,M201900580,2019-10-04,2487000,2019-10-08,공학대학RC행정팀(ERICA),운용,신품,사업종료
2020-07-26,2020-08-04,badbergjr,박대리,확정,4322330822060848,네트워크시스템장비용랙,M201900582,2019-11-07,3424000,2019-11-10,공학대학RC행정팀(ERICA),반납,중고품,공용전환
2016-10-09,2016-10-21,badbergjr,박대리,확정,4322330822060848,네트워크시스템장비용랙,M201500648,2015-10-30,1764000,2015-11-05,공학대학RC행정팀(ERICA),반납,신품,사업종료
2015-12-20,2015-12-30,badbergjr,박대리,확정,5610170325114372,책상,M201500653,2015-08-22,94536000,2015-08-29,공학대학RC행정팀(ERICA),반납,신품,사업종료
2025-05-03,,badbergjr,박대리,대기,5610170325114372,책상,M201500660,2015-08-22,94536000,2015-08-29,공학대학RC행정팀(ERICA),운용,신품,사업종료
2025-12-06,,badbergjr,박대리,대기,5610170325114372,책상,M201500665,2015-08-22,94536000,2015-08-29,공학대학RC행정팀(ERICA),운용,신품,잉여물품
2019-03-29,2019-04-03,badbergjr,박대리,확정,5610170325114372,책상,M201900585,2019-02-10,5872000,2019-02-14,공학대학RC행정팀(ERICA),반납,중고품,사업종료
2009-04-14,2009-04-19,badbergjr,박대리,확정,5610170325114372,책상,M200900959,2009-03-03,15972000,2009-03-10,공학대학RC행정팀(ERICA),반납,신품,공용전환
2021-02-18,2021-03-04,badbergjr,박대리,확정,5610170325114372,책상,M202000468,2020-04-06,69693000,2020-04-19,공학대학RC행정팀(ERICA),반납,중고품,사업종료
2016-12-31,2017-01-13,badbergjr,박대리,확정,5611210224128496,작업용의자,M201600750,2016-07-08,1204000,2016-07-15,공학대학RC행정팀(ERICA),반납,중고품,사업종료
2018-07-06,2018-07-17,badbergjr,박대리,확정,5611210224128496,작업용의자,M201700573,2017-12-22,1640000,2018-01-03,공학대학RC행정팀(ERICA),반납,신품,공용전환
2018-07-25,2018-07-28,badbergjr,박대리,확정,5611210224128496,작업용의자,M201700575,2017-12-22,1640000,2018-01-03,공학대학RC행정팀(ERICA),반납,중고품,공용전환
2018-06-21,2018-07-01,badbergjr,박대리,확정,5611210224128496,작업용의자,M201700581,2017-12-22,1640000,2018-01-03,공학대학RC행정팀(ERICA),반납,정비필요품,사업종료
2018-03-28,2018-04-11,badbergjr,박대리,확정,5611210224128496,작업용의자,M201700540,2017-12-16,91000,2017-12-21,공학대학RC행정팀(ERICA),반납,신품,잉여물품
2014-06-23,2014-07-02,badbergjr,박대리,확정,5611210224128496,작업용의자,M201300467,2013-09-24,1120000,2013-10-04,공학대학RC행정팀(ERICA),반납,중고품,사업종료
2018-02-04,2018-02-16,badbergjr,박대리,확정,5611210224128496,작업용의자,M201700541,2017-06-09,880000,2017-06-20,공학대학RC행정팀(ERICA),반납,중고품,공용전환
2017-12-30,2018-01-03,badbergjr,박대리,확정,5611210224128496,작업용의자,M201700546,2017-06-09,880000,2017-06-20,공학대학RC행정팀(ERICA),반납,신품,잉여물품
2017-11-26,2017-12-06,badbergjr,박대리,확정,5611210224128496,작업용의자,M201700549,2017-06-09,880000,2017-06-20,공학대학RC행정팀(ERICA),반납,중고품,공용전환
2018-01-19,2018-02-02,badbergjr,박대리,확정,5611210224128496,작업용의자,M201700550,2017-06-09,880000,2017-06-20,공학대학RC행정팀(ERICA),반납,중고품,사업종료
2018-09-04,2018-09-16,badbergjr,박대리,확정,5611210224128496,작업용의자,M201700557,2017-10-06,1053000,2017-10-15,공학대학RC행정팀(ERICA),반납,정비필요품,사업종료
2018-03-22,2018-04-05,badbergjr,박대리,확정,5611210824917370,책상용콤비의자,M201700593,2017-04-15,6076000,2017-04-27,공학대학RC행정팀(ERICA),반납,중고품,공용전환
2017-02-26,2017-03-04,badbergjr,박대리,확정,5611210824917370,책상용콤비의자,M201600764,2016-09-30,7676000,2016-10-18,공학대학RC행정팀(ERICA),반납,신품,잉여물품
2017-10-17,2017-10-29,badbergjr,박대리,확정,5611210824917370,책상용콤비의자,M201600766,2016-09-30,7676000,2016-10-18,공학대학RC행정팀(ERICA),반납,신품,공용전환
2024-11-05,,badbergjr,박대리,대기,5611210824917370,책상용콤비의자,M201600776,2016-09-30,7676000,2016-10-18,공학대학RC행정팀(ERICA),운용,중고품,사업종료
2010-05-06,2010-05-18,badbergjr,박대리,확정,5611210824917370,책상용콤비의자,M200901007,2009-04-18,6816000,2009-05-04,공학대학RC행정팀(ERICA),반납,신품,사업종료
2021-03-17,2021-03-30,badbergjr,박대리,확정,5611210824917370,책상용콤비의자,M202000485,2020-04-17,6688000,2020-04-25,공학대학RC행정팀(ERICA),반납,정비필요품,사업종료
2020-11-01,2020-11-06,badbergjr,박대리,확정,5611210824917370,책상용콤비의자,M202000486,2020-04-17,6688000,2020-04-25,공학대학RC행정팀(ERICA),반납,신품,사업종료
2021-03-31,2021-04-05,badbergjr,박대리,확정,5611210824917370,책상용콤비의자,M202000491,2020-04-17,6688000,2020-04-25,공학대학RC행정팀(ERICA),반납,중고품,사업종료
2016-09-01,2016-09-09,badbergjr,박대리,확정,5611210824917370,책상용콤비의자,M201500687,2015-10-20,1356000,2015-10-23,공학대학RC행정팀(ERICA),반납,중고품,공용전환
2020-04-05,2020-04-17,badbergjr,박대리,확정,5611210824917370,책상용콤비의자,M201900607,2019-07-20,862000,2019-07-23,공학대학RC행정팀(ERICA),반납,신품,잉여물품
2014-12-26,2015-01-01,badbergjr,박대리,확정,5612179825616834,칠판보조장,M201400480,2014-02-27,20102000,2014-03-05,공학대학RC행정팀(ERICA),반납,신품,잉여물품
2023-07-22,2023-08-02,badbergjr,박대리,확정,5612179825616834,칠판보조장,M202200377,2022-12-16,19596000,2022-12-19,공학대학RC행정팀(ERICA),반납,신품,공용전환
2016-01-23,2016-02-04,badbergjr,박대리,확정,5610150222528723,소파,M201500651,2015-12-13,3108000,2015-12-20,공학대학RC행정팀(ERICA),반납,중고품,사업종료
2018-05-07,2018-05-21,badbergjr,박대리,확정,5610150222528723,소파,M201800714,2018-01-02,1572000,2018-01-09,공학대학RC행정팀(ERICA),반납,정비필요품,사업종료
2019-05-24,2019-06-05,badbergjr,박대리,확정,5610150222528723,소파,M201800711,2018-07-20,769000,2018-07-24,공학대학RC행정팀(ERICA),반납,중고품,사업종료
2020-07-28,2020-08-03,badbergjr,박대리,확정,5610170622575869,회의용탁자,M202000480,2020-01-04,2520000,2020-01-09,공학대학RC행정팀(ERICA),반납,중고품,공용전환
2018-01-02,2018-01-05,badbergjr,박대리,확정,5610170622575869,회의용탁자,M201700511,2017-09-13,2394000,2017-09-18,공학대학RC행정팀(ERICA),반납,신품,공용전환
2016-02-02,2016-02-12,badbergjr,박대리,확정,5610170622575869,회의용탁자,M201500671,2015-03-12,1588000,2015-03-19,공학대학RC행정팀(ERICA),반납,중고품,사업종료
2025-09-30,,badbergjr,박대리,대기,4410150325652906,다기능복사기,M201700494,2017-01-13,422000,2017-01-16,공학대학RC행정팀(ERICA),운용,신품,공용전환
2015-09-27,2015-09-30,badbergjr,박대리,확정,4016160225676461,공기청정기,M201500590,2015-05-23,766000,2015-05-26,공학대학RC행정팀(ERICA),반납,중고품,사업종료
2016-10-01,,badbergjr,박대리,반려,4016160225676461,공기청정기,M201600676,2016-04-19,773000,2016-04-26,공학대학RC행정팀(ERICA),운용,중고품,공용전환
2021-11-21,,badbergjr,박대리,반려,5612200222443915,실험실용보관장또는보조용품,M202100309,2021-07-18,504000,2021-07-23,공학대학RC행정팀(ERICA),운용,신품,사업종료
2020-02-15,2020-02-18,badbergjr,박대리,확정,5612200222443915,실험실용보관장또는보조용품,M202000504,2020-01-03,1180000,2020-01-07,공학대학RC행정팀(ERICA),반납,신품,잉여물품
2025-08-27,,badbergjr,박대리,대기,5612200222443915,실험실용보관장또는보조용품,M201900614,2019-03-05,699000,2019-03-10,공학대학RC행정팀(ERICA),운용,중고품,사업종료
2019-04-02,2019-04-08,badbergjr,박대리,확정,5612200222443915,실험실용보관장또는보조용품,M201800727,2018-06-14,248000,2018-06-19,공학대학RC행정팀(ERICA),반납,중고품,사업종료
2022-08-05,2022-08-09,badbergjr,박대리,확정,4321150324343967,노트북컴퓨터,M202200510,2022-05-21,2182000,2022-05-27,경상대학RC행정팀(ERICA),반납,중고품,사업종료
2023-04-20,2023-04-29,badbergjr,박대리,확정,4321190224407366,액정모니터,M202200534,2022-05-20,5181000,2022-06-06,경상대학RC행정팀(ERICA),반납,중고품,공용전환
2021-06-29,2021-07-02,badbergjr,박대리,확정,4321190224407366,액정모니터,M202000673,2020-07-22,487000,2020-07-28,경상대학RC행정팀(ERICA),반납,신품,잉여물품
2025-12-03,,badbergjr,박대리,대기,5610170325114372,책상,M200901362,2009-05-14,73626000,2009-05-31,경상대학RC행정팀(ERICA),운용,신품,잉여물품
2018-02-12,2018-02-25,badbergjr,박대리,확정,5610170325114372,책상,M201700817,2017-07-25,83840000,2017-08-04,경상대학RC행정팀(ERICA),반납,중고품,공용전환
2017-12-10,2017-12-16,badbergjr,박대리,확정,5610170325114372,책상,M201700819,2017-07-25,83840000,2017-08-04,경상대학RC행정팀(ERICA),반납,중고품,사업종료
2018-07-07,2018-07-17,badbergjr,박대리,확정,5610170325114372,책상,M201700829,2017-07-25,83840000,2017-08-04,경상대학RC행정팀(ERICA),반납,신품,사업종료
2018-02-23,,badbergjr,박대리,반려,5610170325114372,책상,M201700814,2017-09-11,55360000,2017-09-28,경상대학RC행정팀(ERICA),운용,중고품,공용전환
2017-05-22,2017-06-04,badbergjr,박대리,확정,5610170325114372,책상,M201600954,2016-06-18,11852000,2016-06-23,경상대학RC행정팀(ERICA),반납,신품,잉여물품
2009-03-21,2009-04-04,badbergjr,박대리,확정,5610170325114372,책상,M200801144,2008-08-24,59785000,2008-09-06,경상대학RC행정팀(ERICA),반납,신품,공용전환
2008-10-06,2008-10-16,badbergjr,박대리,확정,5610170325114372,책상,M200801145,2008-08-24,59785000,2008-09-06,경상대학RC행정팀(ERICA),반납,신품,공용전환
2018-10-21,2018-10-24,badbergjr,박대리,확정,5610170325114372,책상,M201800985,2018-04-18,57849000,2018-05-08,경상대학RC행정팀(ERICA),반납,중고품,사업종료
2019-07-05,2019-07-19,badbergjr,박대리,확정,5611210224128496,작업용의자,M201801050,2018-10-22,1296000,2018-11-10,경상대학RC행정팀(ERICA),반납,신품,잉여물품
2019-09-15,2019-09-22,badbergjr,박대리,확정,5611210224128496,작업용의자,M201801053,2018-10-22,1296000,2018-11-10,경상대학RC행정팀(ERICA),반납,중고품,공용전환
2020-05-26,2020-06-06,badbergjr,박대리,확정,5611210224128496,작업용의자,M201801053,2018-10-22,1296000,2018-11-10,경상대학RC행정팀(ERICA),반납,중고품,사업종료
2019-03-07,2019-03-10,badbergjr,박대리,확정,5611210224128496,작업용의자,M201801058,2018-10-22,1296000,2018-11-10,경상대학RC행정팀(ERICA),반납,중고품,공용전환
2016-04-03,2016-04-12,badbergjr,박대리,확정,5611210224128496,작업용의자,M201600991,2016-02-23,1106000,2016-03-02,경상대학RC행정팀(ERICA),반납,중고품,사업종료
2016-09-16,2016-09-20,badbergjr,박대리,확정,5611210224128496,작업용의자,M201600997,2016-02-23,1106000,2016-03-02,경상대학RC행정팀(ERICA),반납,정비필요품,사업종료
2019-10-20,2019-10-23,badbergjr,박대리,확정,5611210824917370,책상용콤비의자,M201900778,2019-03-20,435000,2019-03-23,경상대학RC행정팀(ERICA),반납,중고품,사업종료
2025-11-23,,badbergjr,박대리,대기,5611210824917370,책상용콤비의자,M202000685,2020-02-09,7242000,2020-02-23,경상대학RC행정팀(ERICA),운용,중고품,사업종료
2025-10-12,,badbergjr,박대리,대기,5611210824917370,책상용콤비의자,M202000687,2020-02-09,7242000,2020-02-23,경상대학RC행정팀(ERICA),운용,신품,사업종료
2021-02-15,2021-02-26,badbergjr,박대리,확정,5611210824917370,책상용콤비의자,M202000691,2020-02-09,7242000,2020-02-23,경상대학RC행정팀(ERICA),반납,신품,잉여물품
2019-03-13,2019-03-20,badbergjr,박대리,확정,5611210824917370,책상용콤비의자,M201801066,2018-04-03,434000,2018-04-10,경상대학RC행정팀(ERICA),반납,신품,사업종료
2015-09-30,2015-10-03,badbergjr,박대리,확정,5611210824917370,책상용콤비의자,M201500988,2015-05-24,870000,2015-05-27,경상대학RC행정팀(ERICA),반납,중고품,공용전환
2009-05-09,2009-05-22,badbergjr,박대리,확정,5611210824917370,책상용콤비의자,M200901433,2009-03-07,1320000,2009-03-10,경상대학RC행정팀(ERICA),반납,중고품,사업종료
2021-06-23,2021-07-05,badbergjr,박대리,확정,5611210824917370,책상용콤비의자,M202000678,2020-09-02,1338000,2020-09-09,경상대학RC행정팀(ERICA),반납,신품,잉여물품
2020-02-24,2020-03-04,badbergjr,박대리,확정,5611210824917370,책상용콤비의자,M201900780,2019-09-26,910000,2019-09-30,경상대학RC행정팀(ERICA),반납,신품,잉여물품
2020-06-06,2020-06-20,badbergjr,박대리,확정,5611210824917370,책상용콤비의자,M202000682,2020-01-01,1377000,2020-01-05,경상대학RC행정팀(ERICA),반납,중고품,사업종료
2009-04-20,2009-05-01,badbergjr,박대리,확정,5612179825616834,칠판보조장,M200801184,2008-11-15,49490000,2008-11-22,경상대학RC행정팀(ERICA),반납,신품,잉여물품
2009-09-15,2009-09-22,badbergjr,박대리,확정,5612179825616834,칠판보조장,M200801188,2008-11-15,49490000,2008-11-22,경상대학RC행정팀(ERICA),반납,신품,공용전환
2017-11-30,2017-12-07,badbergjr,박대리,확정,5612179825616834,칠판보조장,M201700859,2017-10-05,48755000,2017-10-09,경상대학RC행정팀(ERICA),반납,중고품,사업종료
2018-08-16,,badbergjr,박대리,반려,5612179825616834,칠판보조장,M201700860,2017-10-05,48755000,2017-10-09,경상대학RC행정팀(ERICA),운용,중고품,사업종료
2018-08-30,2018-09-09,badbergjr,박대리,확정,5612179825616834,칠판보조장,M201700861,2017-10-05,48755000,2017-10-09,경상대학RC행정팀(ERICA),반납,중고품,사업종료
2019-03-05,2019-03-08,badbergjr,박대리,확정,5610150222528723,소파,M201800977,2018-10-24,3960000,2018-10-27,경상대학RC행정팀(ERICA),반납,신품,사업종료
2019-04-30,2019-05-12,badbergjr,박대리,확정,5610150222528723,소파,M201800978,2018-10-24,3960000,2018-10-27,경상대학RC행정팀(ERICA),반납,중고품,사업종료
2016-10-16,2016-10-25,badbergjr,박대리,확정,5610150222528723,소파,M201600949,2016-07-16,3120000,2016-07-23,경상대학RC행정팀(ERICA),반납,중고품,사업종료
2018-06-06,2018-06-10,badbergjr,박대리,확정,5610170622575869,회의용탁자,M201801014,2018-02-23,2508000,2018-03-01,경상대학RC행정팀(ERICA),반납,신품,사업종료
2019-03-03,2019-03-16,badbergjr,박대리,확정,5610170622575869,회의용탁자,M201801032,2018-07-20,14076000,2018-08-02,경상대학RC행정팀(ERICA),반납,신품,공용전환
2019-02-17,2019-02-21,badbergjr,박대리,확정,5610170622575869,회의용탁자,M201801036,2018-07-20,14076000,2018-08-02,경상대학RC행정팀(ERICA),반납,중고품,사업종료
2018-08-29,2018-09-01,badbergjr,박대리,확정,5610170622575869,회의용탁자,M201801041,2018-07-20,14076000,2018-08-02,경상대학RC행정팀(ERICA),반납,신품,사업종료
2025-06-03,,badbergjr,박대리,대기,5610170622575869,회의용탁자,M201801045,2018-07-20,14076000,2018-08-02,경상대학RC행정팀(ERICA),운용,중고품,사업종료
2019-07-28,2019-08-03,badbergjr,박대리,확정,5610170622575869,회의용탁자,M201801027,2018-08-14,8892000,2018-08-30,경상대학RC행정팀(ERICA),반납,신품,사업종료
2025-09-24,,badbergjr,박대리,대기,4321150324510198,노트북컴퓨터,M202100378,2021-06-17,7635000,2021-06-26,글로벌문화통상대학RC행정팀(ERICA),운용,신품,사업종료
2019-04-09,2019-04-21,badbergjr,박대리,확정,4321150724158946,데스크톱컴퓨터,M201800908,2018-12-30,1560000,2019-01-02,글로벌문화통상대학RC행정팀(ERICA),반납,중고품,공용전환
2020-09-06,2020-09-11,badbergjr,박대리,확정,4321190224407366,액정모니터,M202000621,2020-06-05,9215000,2020-06-21,글로벌문화통상대학RC행정팀(ERICA),반납,신품,잉여물품
2020-11-12,2020-11-26,badbergjr,박대리,확정,4321190224407366,액정모니터,M202000628,2020-06-05,9215000,2020-06-21,글로벌문화통상대학RC행정팀(ERICA),반납,중고품,사업종료
2020-12-09,2020-12-18,badbergjr,박대리,확정,4321190224407366,액정모니터,M202000635,2020-06-05,9215000,2020-06-21,글로벌문화통상대학RC행정팀(ERICA),반납,신품,잉여물품
2021-06-06,2021-06-09,badbergjr,박대리,확정,4321190224407366,액정모니터,M202000618,2020-06-16,974000,2020-06-23,글로벌문화통상대학RC행정팀(ERICA),반납,신품,잉여물품
2019-10-05,2019-10-15,badbergjr,박대리,확정,4321190224407366,액정모니터,M201900721,2019-03-09,1458000,2019-03-13,글로벌문화통상대학RC행정팀(ERICA),반납,신품,잉여물품
2020-10-23,2020-10-30,badbergjr,박대리,확정,4321171124204348,스캐너,M202000616,2020-05-16,5195000,2020-05-19,글로벌문화통상대학RC행정팀(ERICA),반납,중고품,사업종료
2021-10-02,2021-10-09,badbergjr,박대리,확정,4322330822060848,네트워크시스템장비용랙,M202100397,2021-07-25,1780000,2021-07-29,글로벌문화통상대학RC행정팀(ERICA),반납,중고품,공용전환
2025-11-17,,badbergjr,박대리,대기,5216150523860502,텔레비전,M201700754,2017-11-10,4272000,2017-11-17,글로벌문화통상대학RC행정팀(ERICA),운용,신품,사업종료
2016-11-29,2016-12-12,badbergjr,박대리,확정,5610170325114372,책상,M201600919,2016-03-15,59224000,2016-03-23,글로벌문화통상대학RC행정팀(ERICA),반납,신품,잉여물품
2009-09-27,,badbergjr,박대리,반려,5610170325114372,책상,M200901283,2009-08-21,71666000,2009-08-31,글로벌문화통상대학RC행정팀(ERICA),운용,중고품,공용전환
2018-03-23,2018-04-01,badbergjr,박대리,확정,5610170325114372,책상,M201700762,2017-11-30,11952000,2017-12-04,글로벌문화통상대학RC행정팀(ERICA),반납,중고품,사업종료
2009-10-20,2009-10-27,badbergjr,박대리,확정,5610170325114372,책상,M200801064,2008-12-12,10962000,2008-12-18,글로벌문화통상대학RC행정팀(ERICA),반납,신품,잉여물품
2020-02-14,2020-02-25,badbergjr,박대리,확정,5610170325114372,책상,M201900726,2019-02-08,12160000,2019-02-11,글로벌문화통상대학RC행정팀(ERICA),반납,신품,사업종료
2016-08-20,2016-08-23,badbergjr,박대리,확정,5610170325114372,책상,M201600908,2016-04-16,11534000,2016-04-20,글로벌문화통상대학RC행정팀(ERICA),반납,신품,잉여물품
2019-05-20,2019-06-01,badbergjr,박대리,확정,5610170325114372,책상,M201800926,2018-06-22,5518000,2018-06-25,글로벌문화통상대학RC행정팀(ERICA),반납,중고품,공용전환
2022-04-03,2022-04-11,badbergjr,박대리,확정,5611210224128496,작업용의자,M202200505,2022-02-05,276000,2022-02-08,글로벌문화통상대학RC행정팀(ERICA),반납,중고품,사업종료
2018-08-08,2018-08-18,badbergjr,박대리,확정,5611210224128496,작업용의자,M201800941,2018-05-07,1200000,2018-05-15,글로벌문화통상대학RC행정팀(ERICA),반납,중고품,공용전환
2016-01-14,2016-01-27,badbergjr,박대리,확정,5611210224128496,작업용의자,M201500924,2015-02-19,1260000,2015-03-09,글로벌문화통상대학RC행정팀(ERICA),반납,중고품,사업종료
2023-05-30,2023-06-12,badbergjr,박대리,확정,5611210224128496,작업용의자,M202300482,2023-04-14,1365000,2023-04-28,글로벌문화통상대학RC행정팀(ERICA),반납,신품,공용전환
2017-03-31,2017-04-14,badbergjr,박대리,확정,5611210224128496,작업용의자,M201600928,2016-10-24,870000,2016-11-12,글로벌문화통상대학RC행정팀(ERICA),반납,중고품,공용전환
2017-08-01,2017-08-12,badbergjr,박대리,확정,5611210224128496,작업용의자,M201600932,2016-10-24,870000,2016-11-12,글로벌문화통상대학RC행정팀(ERICA),반납,중고품,사업종료
2008-03-14,2008-03-21,badbergjr,박대리,확정,5611210824917370,책상용콤비의자,M200700933,2007-04-24,860000,2007-04-29,글로벌문화통상대학RC행정팀(ERICA),반납,신품,공용전환
2024-12-15,,badbergjr,박대리,대기,5611210824917370,책상용콤비의자,M201500945,2015-07-26,4631000,2015-08-03,글로벌문화통상대학RC행정팀(ERICA),운용,신품,잉여물품
2018-06-21,2018-06-26,badbergjr,박대리,확정,5611210824917370,책상용콤비의자,M201800959,2018-01-25,1326000,2018-01-31,글로벌문화통상대학RC행정팀(ERICA),반납,중고품,사업종료
2025-09-18,,badbergjr,박대리,대기,5611210824917370,책상용콤비의자,M201700779,2017-08-04,5244000,2017-08-22,글로벌문화통상대학RC행정팀(ERICA),운용,신품,사업종료
2018-08-19,2018-08-24,badbergjr,박대리,확정,5611210824917370,책상용콤비의자,M201700780,2017-08-04,5244000,2017-08-22,글로벌문화통상대학RC행정팀(ERICA),반납,정비필요품,사업종료
2018-09-23,2018-10-02,badbergjr,박대리,확정,5611210824917370,책상용콤비의자,M201800956,2018-08-27,1302000,2018-09-03,글로벌문화통상대학RC행정팀(ERICA),반납,중고품,사업종료
2021-01-08,2021-01-13,badbergjr,박대리,확정,5611210824917370,책상용콤비의자,M202000663,2020-07-24,4120000,2020-08-09,글로벌문화통상대학RC행정팀(ERICA),반납,중고품,사업종료
2021-06-19,2021-06-29,badbergjr,박대리,확정,5611210824917370,책상용콤비의자,M202000666,2020-07-24,4120000,2020-08-09,글로벌문화통상대학RC행정팀(ERICA),반납,신품,잉여물품
2020-10-28,2020-11-11,badbergjr,박대리,확정,5611210824917370,책상용콤비의자,M202000669,2020-07-24,4120000,2020-08-09,글로벌문화통상대학RC행정팀(ERICA),반납,신품,잉여물품
2013-09-01,2013-09-12,badbergjr,박대리,확정,5612179825616834,칠판보조장,M201200348,2012-09-23,39332000,2012-09-30,글로벌문화통상대학RC행정팀(ERICA),반납,중고품,사업종료
2012-12-02,2012-12-07,badbergjr,박대리,확정,5612179825616834,칠판보조장,M201200349,2012-09-23,39332000,2012-09-30,글로벌문화통상대학RC행정팀(ERICA),반납,중고품,공용전환
2021-06-05,,badbergjr,박대리,반려,5612179825616834,칠판보조장,M202100413,2021-01-27,42876000,2021-01-31,글로벌문화통상대학RC행정팀(ERICA),운용,정비필요품,사업종료
2014-06-09,2014-06-23,badbergjr,박대리,확정,5612179825616834,칠판보조장,M201300622,2013-12-08,19208000,2013-12-15,글로벌문화통상대학RC행정팀(ERICA),반납,신품,사업종료
2025-08-19,,badbergjr,박대리,대기,5612179825616834,칠판보조장,M201400582,2014-11-07,19630000,2014-11-14,글로벌문화통상대학RC행정팀(ERICA),운용,중고품,사업종료
2020-11-06,2020-11-15,badbergjr,박대리,확정,4411191125460962,인터랙티브화이트보드및액세서리,M202000642,2020-02-07,45916000,2020-02-11,글로벌문화통상대학RC행정팀(ERICA),반납,중고품,사업종료
2019-06-23,2019-07-04,badbergjr,박대리,확정,5610150222528723,소파,M201800922,2018-10-26,3655000,2018-10-30,글로벌문화통상대학RC행정팀(ERICA),반납,신품,잉여물품
2019-01-17,2019-01-26,badbergjr,박대리,확정,5610150222528723,소파,M201800924,2018-10-26,3655000,2018-10-30,글로벌문화통상대학RC행정팀(ERICA),반납,정비필요품,사업종료
2017-10-12,2017-10-15,badbergjr,박대리,확정,5610150222528723,소파,M201700760,2017-02-16,2331000,2017-02-23,글로벌문화통상대학RC행정팀(ERICA),반납,신품,잉여물품
2014-01-20,2014-01-31,badbergjr,박대리,확정,5610150222528723,소파,M201300619,2013-11-02,2217000,2013-11-05,글로벌문화통상대학RC행정팀(ERICA),반납,신품,사업종료
2015-09-29,2015-10-05,badbergjr,박대리,확정,5610170622575869,회의용탁자,M201500884,2015-07-21,12762000,2015-08-08,글로벌문화통상대학RC행정팀(ERICA),반납,중고품,공용전환
2016-06-27,2016-07-09,badbergjr,박대리,확정,5610170622575869,회의용탁자,M201500906,2015-10-30,13662000,2015-11-09,글로벌문화통상대학RC행정팀(ERICA),반납,중고품,공용전환
2017-07-16,2017-07-27,badbergjr,박대리,확정,5610170622575869,회의용탁자,M201600922,2016-07-05,2328000,2016-07-09,글로벌문화통상대학RC행정팀(ERICA),반납,신품,공용전환
2024-10-03,,badbergjr,박대리,대기,4410150325652906,다기능복사기,M201700751,2017-06-09,426000,2017-06-15,글로벌문화통상대학RC행정팀(ERICA),운용,신품,공용전환
2020-12-01,2020-12-15,badbergjr,박대리,확정,4321150724355228,데스크톱컴퓨터,M202000069,2020-09-10,27696000,2020-09-19,시설팀(ERICA),반납,중고품,공용전환
2019-05-18,2019-05-22,badbergjr,박대리,확정,4321190224407366,액정모니터,M201800252,2018-12-23,5357000,2019-01-07,시설팀(ERICA),반납,중고품,사업종료
2020-11-09,2020-11-14,badbergjr,박대리,확정,4321190224407366,액정모니터,M202000081,2020-02-03,1042000,2020-02-10,시설팀(ERICA),반납,신품,사업종료
2021-11-21,2021-11-28,badbergjr,박대리,확정,4321190224407366,액정모니터,M202000078,2020-11-14,505000,2020-11-19,시설팀(ERICA),반납,중고품,사업종료
2024-11-22,,badbergjr,박대리,대기,4321210523858386,레이저프린터,M202000086,2020-03-22,3378000,2020-03-29,시설팀(ERICA),운용,신품,잉여물품
2025-01-10,,badbergjr,박대리,대기,4321171124204348,스캐너,M202200105,2022-03-18,5214000,2022-03-22,시설팀(ERICA),운용,중고품,공용전환
2020-02-18,2020-03-03,badbergjr,박대리,확정,5216150523860502,텔레비전,M201900196,2019-10-15,1419000,2019-10-20,시설팀(ERICA),반납,중고품,사업종료
2008-12-12,2008-12-15,badbergjr,박대리,확정,5610170325114372,책상,M200800225,2008-03-01,77985000,2008-03-18,시설팀(ERICA),반납,신품,잉여물품
2008-11-28,2008-12-05,badbergjr,박대리,확정,5610170325114372,책상,M200800226,2008-03-01,77985000,2008-03-18,시설팀(ERICA),반납,신품,사업종료
2018-02-25,2018-03-11,badbergjr,박대리,확정,5610170325114372,책상,M201700215,2017-10-09,84870000,2017-10-20,시설팀(ERICA),반납,중고품,사업종료
2018-01-28,2018-02-10,badbergjr,박대리,확정,5610170325114372,책상,M201700220,2017-10-09,84870000,2017-10-20,시설팀(ERICA),반납,중고품,사업종료
2018-05-12,2018-05-19,badbergjr,박대리,확정,5610170325114372,책상,M201700221,2017-10-09,84870000,2017-10-20,시설팀(ERICA),반납,신품,사업종료
2006-11-03,2006-11-10,badbergjr,박대리,확정,5610170325114372,책상,M200600280,2006-06-10,11044000,2006-06-17,시설팀(ERICA),반납,중고품,사업종료
2018-12-26,2019-01-08,badbergjr,박대리,확정,5610170325114372,책상,M201800273,2018-08-31,17187000,2018-09-07,시설팀(ERICA),반납,중고품,사업종료
2018-07-28,2018-08-01,badbergjr,박대리,확정,5611210224128496,작업용의자,M201700233,2017-07-20,1105000,2017-08-06,시설팀(ERICA),반납,중고품,공용전환
2020-01-28,2020-02-10,badbergjr,박대리,확정,5611210824917370,책상용콤비의자,M201900211,2019-10-13,8660000,2019-11-01,시설팀(ERICA),반납,중고품,공용전환
2020-08-16,2020-08-26,badbergjr,박대리,확정,5611210824917370,책상용콤비의자,M201900214,2019-10-13,8660000,2019-11-01,시설팀(ERICA),반납,신품,공용전환
2017-03-23,2017-03-28,badbergjr,박대리,확정,5611210824917370,책상용콤비의자,M201600222,2016-03-30,1275000,2016-04-04,시설팀(ERICA),반납,신품,사업종료
2017-12-20,,badbergjr,박대리,반려,5612179825616834,칠판보조장,M201700239,2017-07-28,48650000,2017-08-03,시설팀(ERICA),운용,신품,잉여물품
2016-01-09,2016-01-21,badbergjr,박대리,확정,5612179825616834,칠판보조장,M201500230,2015-05-02,37984000,2015-05-06,시설팀(ERICA),반납,신품,사업종료
2025-07-21,2025-08-04,badbergjr,박대리,확정,5610170622575869,회의용탁자,M202500225,2025-06-29,2427000,2025-07-06,시설팀(ERICA),반납,신품,사업종료
2019-04-01,2019-04-09,badbergjr,박대리,확정,5610170622575869,회의용탁자,M201800281,2018-04-18,13718000,2018-05-04,시설팀(ERICA),반납,중고품,사업종료
2025-08-26,,badbergjr,박대리,대기,5610170622575869,회의용탁자,M201800292,2018-04-18,13718000,2018-05-04,시설팀(ERICA),운용,신품,잉여물품
2020-06-29,2020-07-03,badbergjr,박대리,확정,5610170622575869,회의용탁자,M201900197,2019-06-25,824000,2019-07-02,시설팀(ERICA),반납,중고품,사업종료
2022-02-09,2022-02-13,badbergjr,박대리,확정,4321150724158946,데스크톱컴퓨터,M202100050,2021-11-01,7545000,2021-11-11,학생지원팀(ERICA),반납,신품,잉여물품
2022-11-05,2022-11-12,badbergjr,박대리,확정,4321190224407366,액정모니터,M202200100,2022-10-05,6149000,2022-10-22,학생지원팀(ERICA),반납,중고품,사업종료
2020-08-19,2020-08-23,badbergjr,박대리,확정,4321190224407366,액정모니터,M202000045,2020-03-06,1464000,2020-03-10,학생지원팀(ERICA),반납,중고품,사업종료
2021-05-23,2021-05-28,badbergjr,박대리,확정,4321190224407366,액정모니터,M202000043,2020-07-18,489000,2020-07-24,학생지원팀(ERICA),반납,중고품,공용전환
2021-04-26,2021-05-07,badbergjr,박대리,확정,4321171124204348,스캐너,M202100055,2021-03-21,5115000,2021-03-27,학생지원팀(ERICA),반납,신품,사업종료
2017-12-28,2018-01-09,badbergjr,박대리,확정,5610170325114372,책상,M201700125,2017-10-13,75222000,2017-10-21,학생지원팀(ERICA),반납,중고품,공용전환
2018-02-24,2018-03-09,badbergjr,박대리,확정,5610170325114372,책상,M201700126,2017-10-13,75222000,2017-10-21,학생지원팀(ERICA),반납,신품,사업종료
2018-05-31,2018-06-13,badbergjr,박대리,확정,5610170325114372,책상,M201700128,2017-10-13,75222000,2017-10-21,학생지원팀(ERICA),반납,신품,사업종료
2015-10-06,2015-10-15,badbergjr,박대리,확정,5610170325114372,책상,M201500153,2015-02-15,16503000,2015-02-18,학생지원팀(ERICA),반납,신품,잉여물품
2017-12-06,2017-12-13,badbergjr,박대리,확정,5610170325114372,책상,M201700124,2017-03-29,16824000,2017-04-02,학생지원팀(ERICA),반납,중고품,사업종료
2015-11-26,2015-12-03,badbergjr,박대리,확정,5610170325114372,책상,M201500148,2015-03-16,10970000,2015-03-19,학생지원팀(ERICA),반납,신품,공용전환
2016-08-27,2016-09-10,badbergjr,박대리,확정,5610170325114372,책상,M201600145,2016-01-30,75040000,2016-02-07,학생지원팀(ERICA),반납,중고품,공용전환
2016-08-20,2016-08-26,badbergjr,박대리,확정,5610170325114372,책상,M201600146,2016-01-30,75040000,2016-02-07,학생지원팀(ERICA),반납,정비필요품,사업종료
2016-08-10,2016-08-15,badbergjr,박대리,확정,5610170325114372,책상,M201600152,2016-01-30,75040000,2016-02-07,학생지원팀(ERICA),반납,중고품,사업종료
2025-01-26,,badbergjr,박대리,대기,5610170325114372,책상,M201400133,2014-11-09,11840000,2014-11-13,학생지원팀(ERICA),운용,중고품,공용전환
2017-03-16,2017-03-21,badbergjr,박대리,확정,5610170325114372,책상,M201600142,2016-07-25,5970000,2016-07-31,학생지원팀(ERICA),반납,신품,공용전환
2018-01-25,,badbergjr,박대리,반려,5610170325114372,책상,M201600142,2016-07-25,5970000,2016-07-31,공학대학RC행정팀(ERICA),운용,중고품,공용전환
2025-10-27,,badbergjr,박대리,대기,5611210224128496,작업용의자,M201600164,2016-01-01,1600000,2016-01-19,학생지원팀(ERICA),운용,중고품,사업종료
2016-04-18,2016-04-24,badbergjr,박대리,확정,5611210224128496,작업용의자,M201600178,2016-01-01,1600000,2016-01-19,학생지원팀(ERICA),반납,중고품,사업종료
2016-04-27,2016-05-05,badbergjr,박대리,확정,5611210224128496,작업용의자,M201500165,2015-10-30,1148000,2015-11-14,학생지원팀(ERICA),반납,정비필요품,사업종료
2017-10-06,2017-10-11,badbergjr,박대리,확정,5611210824917370,책상용콤비의자,M201700160,2017-04-13,920000,2017-04-19,학생지원팀(ERICA),반납,중고품,사업종료
2017-10-02,2017-10-13,badbergjr,박대리,확정,5611210824917370,책상용콤비의자,M201700171,2017-01-15,7956000,2017-01-23,학생지원팀(ERICA),반납,신품,잉여물품
2025-12-08,,badbergjr,박대리,대기,5611210824917370,책상용콤비의자,M201900162,2019-06-04,7992000,2019-06-12,학생지원팀(ERICA),운용,신품,잉여물품
2019-11-09,2019-11-15,badbergjr,박대리,확정,5611210824917370,책상용콤비의자,M201900165,2019-06-04,7992000,2019-06-12,학생지원팀(ERICA),반납,신품,사업종료
2019-11-28,2019-12-05,badbergjr,박대리,확정,5611210824917370,책상용콤비의자,M201900170,2019-06-04,7992000,2019-06-12,학생지원팀(ERICA),반납,신품,잉여물품
2020-02-22,2020-02-28,badbergjr,박대리,확정,5611210824917370,책상용콤비의자,M201900172,2019-06-04,7992000,2019-06-12,학생지원팀(ERICA),반납,신품,잉여물품
2019-07-22,2019-08-02,badbergjr,박대리,확정,5611210824917370,책상용콤비의자,M201900177,2019-06-04,7992000,2019-06-12,학생지원팀(ERICA),반납,신품,사업종료
2016-04-17,2016-04-28,badbergjr,박대리,확정,5612179825616834,칠판보조장,M201500188,2015-11-17,30261000,2015-11-22,학생지원팀(ERICA),반납,중고품,공용전환
2017-12-13,2017-12-23,badbergjr,박대리,확정,5610170622575869,회의용탁자,M201700147,2017-03-31,10257000,2017-04-15,학생지원팀(ERICA),반납,중고품,공용전환
2017-06-02,2017-06-09,badbergjr,박대리,확정,5610170622575869,회의용탁자,M201700150,2017-03-31,10257000,2017-04-15,학생지원팀(ERICA),반납,중고품,공용전환
2018-11-13,2018-11-25,badbergjr,박대리,확정,4016160225676461,공기청정기,M201800184,2018-05-25,823000,2018-05-31,학생지원팀(ERICA),반납,중고품,사업종료
2021-06-19,2021-06-28,badbergjr,박대리,확정,4321150724355228,데스크톱컴퓨터,M202000004,2020-07-05,4868000,2020-07-08,학생지원팀(서울),반납,신품,사업종료
2023-05-17,2023-05-28,badbergjr,박대리,확정,4321150724158946,데스크톱컴퓨터,M202200023,2022-12-15,8636000,2023-01-04,학생지원팀(서울),반납,정비필요품,사업종료
2009-05-03,2009-05-17,badbergjr,박대리,확정,5610170325114372,책상,M200800021,2008-10-23,67548000,2008-11-01,학생지원팀(서울),반납,신품,공용전환
2009-09-04,2009-09-08,badbergjr,박대리,확정,5610170325114372,책상,M200800028,2008-10-23,67548000,2008-11-01,학생지원팀(서울),반납,중고품,공용전환
2009-09-25,2009-10-03,badbergjr,박대리,확정,5610170325114372,책상,M200800029,2008-10-23,67548000,2008-11-01,학생지원팀(서울),반납,신품,공용전환
2020-02-02,2020-02-11,badbergjr,박대리,확정,5610170325114372,책상,M201900017,2019-04-15,74152000,2019-05-05,학생지원팀(서울),반납,신품,사업종료
2016-09-22,2016-09-30,badbergjr,박대리,확정,5610170325114372,책상,M201500033,2015-08-26,66456000,2015-09-13,학생지원팀(서울),반납,신품,잉여물품
2016-05-10,2016-05-24,badbergjr,박대리,확정,5610170325114372,책상,M201500039,2015-08-26,66456000,2015-09-13,학생지원팀(서울),반납,중고품,사업종료
2016-03-15,2016-03-28,badbergjr,박대리,확정,5610170325114372,책상,M201500045,2015-06-29,66816000,2015-07-18,학생지원팀(서울),반납,신품,사업종료
2017-09-07,2017-09-18,badbergjr,박대리,확정,5610170325114372,책상,M201700031,2017-01-22,107084000,2017-02-09,학생지원팀(서울),반납,중고품,사업종료
2018-07-29,2018-08-06,badbergjr,박대리,확정,5611210224128496,작업용의자,M201800072,2018-05-23,1672000,2018-06-04,학생지원팀(서울),반납,중고품,사업종료
2019-02-01,2019-02-12,badbergjr,박대리,확정,5611210224128496,작업용의자,M201800076,2018-05-23,1672000,2018-06-04,학생지원팀(서울),반납,중고품,사업종료
2019-01-01,2019-01-12,badbergjr,박대리,확정,5611210224128496,작업용의자,M201800082,2018-05-23,1672000,2018-06-04,학생지원팀(서울),반납,중고품,사업종료
2019-10-16,2019-10-28,badbergjr,박대리,확정,5611210224128496,작업용의자,M201800059,2018-09-10,984000,2018-09-28,학생지원팀(서울),반납,신품,잉여물품
2019-07-28,2019-08-11,badbergjr,박대리,확정,5611210224128496,작업용의자,M201800060,2018-09-10,984000,2018-09-28,학생지원팀(서울),반납,신품,잉여물품
2024-10-16,2024-10-20,badbergjr,박대리,확정,5611210224128496,작업용의자,M202400051,2024-08-24,840000,2024-09-08,학생지원팀(서울),반납,신품,사업종료
2025-07-05,,badbergjr,박대리,대기,5611210824917370,책상용콤비의자,M201900036,2019-08-06,1377000,2019-08-09,학생지원팀(서울),운용,정비필요품,사업종료
2020-08-04,2020-08-17,badbergjr,박대리,확정,5611210824917370,책상용콤비의자,M201900050,2019-10-24,7056000,2019-11-09,학생지원팀(서울),반납,중고품,사업종료
2020-02-23,2020-03-05,badbergjr,박대리,확정,5611210824917370,책상용콤비의자,M201900053,2019-10-24,7056000,2019-11-09,학생지원팀(서울),반납,중고품,사업종료
2020-01-06,2020-01-11,badbergjr,박대리,확정,5611210824917370,책상용콤비의자,M201900075,2019-05-16,8280000,2019-05-23,학생지원팀(서울),반납,중고품,사업종료
2020-04-28,2020-05-12,badbergjr,박대리,확정,5611210824917370,책상용콤비의자,M201900082,2019-05-16,8280000,2019-05-23,학생지원팀(서울),반납,중고품,공용전환
2020-02-24,2020-02-27,badbergjr,박대리,확정,5611210824917370,책상용콤비의자,M201900084,2019-05-16,8280000,2019-05-23,학생지원팀(서울),반납,중고품,사업종료
2020-03-25,2020-04-03,badbergjr,박대리,확정,5611210824917370,책상용콤비의자,M201900085,2019-05-16,8280000,2019-05-23,학생지원팀(서울),반납,신품,사업종료
2009-02-09,2009-02-18,badbergjr,박대리,확정,5611210824917370,책상용콤비의자,M200900072,2009-01-07,4908000,2009-01-17,학생지원팀(서울),반납,중고품,사업종료
2009-02-12,2009-02-20,badbergjr,박대리,확정,5611210824917370,책상용콤비의자,M200900076,2009-01-07,4908000,2009-01-17,학생지원팀(서울),반납,신품,공용전환
2019-10-04,2019-10-08,badbergjr,박대리,확정,5611210824917370,책상용콤비의자,M201900041,2019-01-24,5160000,2019-02-01,학생지원팀(서울),반납,신품,잉여물품
2020-01-10,2020-01-17,badbergjr,박대리,확정,5611210824917370,책상용콤비의자,M201900045,2019-01-24,5160000,2019-02-01,학생지원팀(서울),반납,신품,사업종료
2019-12-07,2019-12-13,badbergjr,박대리,확정,5611210824917370,책상용콤비의자,M201900048,2019-01-24,5160000,2019-02-01,학생지원팀(서울),반납,중고품,공용전환
2016-12-25,,badbergjr,박대리,반려,5612179825616834,칠판보조장,M201600053,2016-07-11,28812000,2016-07-15,학생지원팀(서울),운용,중고품,공용전환
2017-04-15,2017-04-27,badbergjr,박대리,확정,5612179825616834,칠판보조장,M201600054,2016-07-11,28812000,2016-07-15,학생지원팀(서울),반납,중고품,공용전환
2018-08-10,2018-08-13,badbergjr,박대리,확정,4411191125460962,인터랙티브화이트보드및액세서리,M201800039,2018-02-25,89088000,2018-03-02,학생지원팀(서울),반납,중고품,사업종료
2024-10-29,,badbergjr,박대리,대기,4411191125460962,인터랙티브화이트보드및액세서리,M202100007,2021-11-07,91100000,2021-11-12,학생지원팀(서울),운용,중고품,사업종료
2017-07-29,2017-08-12,badbergjr,박대리,확정,5610150222528723,소파,M201700026,2017-05-17,2992000,2017-05-23,학생지원팀(서울),반납,신품,사업종료
2015-04-15,2015-04-27,badbergjr,박대리,확정,5610150222528723,소파,M201400017,2014-12-11,3775000,2014-12-15,학생지원팀(서울),반납,신품,공용전환
2020-04-28,2020-05-09,badbergjr,박대리,확정,5610150222528723,소파,M201900012,2019-09-30,3032000,2019-10-03,학생지원팀(서울),반납,중고품,공용전환
2019-03-13,2019-03-26,badbergjr,박대리,확정,5610150222528723,소파,M201800043,2018-10-08,767000,2018-10-15,학생지원팀(서울),반납,신품,잉여물품
2018-07-21,2018-08-01,badbergjr,박대리,확정,5610170622575869,회의용탁자,M201700051,2017-08-05,1538000,2017-08-08,학생지원팀(서울),반납,중고품,사업종료
2017-01-01,2017-01-11,badbergjr,박대리,확정,5610170622575869,회의용탁자,M201600051,2016-01-28,9180000,2016-02-16,학생지원팀(서울),반납,신품,사업종료
2020-03-25,2020-04-07,badbergjr,박대리,확정,5610170622575869,회의용탁자,M201900030,2019-07-05,1598000,2019-07-10,학생지원팀(서울),반납,중고품,공용전환
2019-04-08,2019-04-18,badbergjr,박대리,확정,5610170622575869,회의용탁자,M201800054,2018-07-29,2307000,2018-08-03,학생지원팀(서울),반납,신품,잉여물품
2015-10-01,2015-10-10,badbergjr,박대리,확정,5610170622575869,회의용탁자,M201500053,2015-04-04,760000,2015-04-08,학생지원팀(서울),반납,신품,공용전환
2016-08-15,2016-08-18,badbergjr,박대리,확정,4322330822060848,네트워크시스템장비용랙,M201600068,2016-07-25,1628000,2016-07-30,커리어개발팀(서울),반납,신품,공용전환
2019-04-25,,badbergjr,박대리,반려,5610170325114372,책상,M201800133,2018-04-16,79114000,2018-04-30,커리어개발팀(서울),운용,중고품,사업종료
2025-09-17,,badbergjr,박대리,대기,5610170325114372,책상,M201800134,2018-04-16,79114000,2018-04-30,커리어개발팀(서울),운용,중고품,공용전환
2019-03-17,2019-03-23,badbergjr,박대리,확정,5610170325114372,책상,M201800143,2018-04-16,79114000,2018-04-30,커리어개발팀(서울),반납,중고품,사업종료
2025-08-24,2025-09-01,badbergjr,박대리,확정,5610170325114372,책상,M202500102,2025-07-19,6257000,2025-07-22,커리어개발팀(서울),반납,중고품,공용전환
2017-12-06,2017-12-11,badbergjr,박대리,확정,5610170325114372,책상,M201700082,2017-07-07,64068000,2017-07-16,커리어개발팀(서울),반납,중고품,공용전환
2017-09-19,2017-10-03,badbergjr,박대리,확정,5610170325114372,책상,M201700088,2017-07-07,64068000,2017-07-16,커리어개발팀(서울),반납,정비필요품,사업종료
2018-03-24,2018-04-05,badbergjr,박대리,확정,5610170325114372,책상,M201700089,2017-07-07,64068000,2017-07-16,커리어개발팀(서울),반납,중고품,공용전환
2025-05-21,,badbergjr,박대리,대기,5610170325114372,책상,M201700091,2017-07-07,64068000,2017-07-16,커리어개발팀(서울),운용,신품,사업종료
2016-02-10,2016-02-14,badbergjr,박대리,확정,5610170325114372,책상,M201500110,2015-06-20,52890000,2015-07-09,커리어개발팀(서울),반납,정비필요품,사업종료
2016-01-05,2016-01-19,badbergjr,박대리,확정,5610170325114372,책상,M201500114,2015-06-20,52890000,2015-07-09,커리어개발팀(서울),반납,중고품,공용전환
2014-12-06,2014-12-09,badbergjr,박대리,확정,5611210224128496,작업용의자,M201400077,2014-06-12,1200000,2014-07-01,커리어개발팀(서울),반납,중고품,공용전환
2022-12-01,2022-12-05,badbergjr,박대리,확정,5611210224128496,작업용의자,M202200075,2022-07-29,1290000,2022-08-06,커리어개발팀(서울),반납,신품,잉여물품
2019-02-09,2019-02-15,badbergjr,박대리,확정,5611210224128496,작업용의자,M201800150,2018-02-21,270000,2018-02-26,커리어개발팀(서울),반납,중고품,공용전환
2018-08-13,2018-08-25,badbergjr,박대리,확정,5611210224128496,작업용의자,M201800151,2018-02-21,270000,2018-02-26,커리어개발팀(서울),반납,신품,사업종료
2018-07-14,2018-07-20,badbergjr,박대리,확정,5611210824917370,책상용콤비의자,M201700096,2017-12-07,1269000,2017-12-10,커리어개발팀(서울),반납,중고품,사업종료
2025-12-21,,badbergjr,박대리,대기,5611210824917370,책상용콤비의자,M201600099,2016-08-17,4280000,2016-08-25,커리어개발팀(서울),운용,중고품,사업종료
2016-09-15,2016-09-22,badbergjr,박대리,확정,5611210824917370,책상용콤비의자,M201600104,2016-08-17,4280000,2016-08-25,커리어개발팀(서울),반납,신품,사업종료
2018-11-26,2018-12-06,badbergjr,박대리,확정,5611210824917370,책상용콤비의자,M201800175,2018-04-25,8010000,2018-05-04,커리어개발팀(서울),반납,중고품,공용전환
2018-10-29,2018-11-09,badbergjr,박대리,확정,5611210824917370,책상용콤비의자,M201800178,2018-04-25,8010000,2018-05-04,커리어개발팀(서울),반납,중고품,사업종료
2019-02-19,2019-03-02,badbergjr,박대리,확정,5611210824917370,책상용콤비의자,M201800156,2018-12-28,5124000,2019-01-14,커리어개발팀(서울),반납,신품,사업종료
2019-09-24,2019-09-30,badbergjr,박대리,확정,5611210824917370,책상용콤비의자,M201800162,2018-12-28,5124000,2019-01-14,커리어개발팀(서울),반납,중고품,공용전환
2015-11-10,2015-11-13,badbergjr,박대리,확정,5612179825616834,칠판보조장,M201400082,2014-12-07,48115000,2014-12-14,커리어개발팀(서울),반납,신품,사업종료
2015-01-09,2015-01-22,badbergjr,박대리,확정,5612179825616834,칠판보조장,M201400083,2014-12-07,48115000,2014-12-14,커리어개발팀(서울),반납,중고품,공용전환
2020-12-18,2020-12-30,badbergjr,박대리,확정,4411191125460962,인터랙티브화이트보드및액세서리,M202000024,2020-10-26,96796000,2020-10-31,커리어개발팀(서울),반납,신품,공용전환
2018-01-25,,badbergjr,박대리,반려,5610150222528723,소파,M201700079,2017-11-08,1498000,2017-11-11,커리어개발팀(서울),운용,신품,사업종료
2015-07-01,2015-07-08,badbergjr,박대리,확정,5610150222528723,소파,M201400056,2014-07-18,3028000,2014-07-22,커리어개발팀(서울),반납,신품,공용전환
2025-05-14,2025-05-23,badbergjr,박대리,확정,4321150724158946,데스크톱컴퓨터,M202500431,2025-04-09,8010000,2025-04-25,사회과학대학RC행정팀(서울),반납,신품,사업종료
2021-06-23,2021-07-07,badbergjr,박대리,확정,4321190224407366,액정모니터,M202100190,2021-02-10,6825000,2021-02-26,사회과학대학RC행정팀(서울),반납,중고품,사업종료
2021-05-01,2021-05-06,badbergjr,박대리,확정,4321190224407366,액정모니터,M202000253,2020-11-15,6342000,2020-12-04,사회과학대학RC행정팀(서울),반납,중고품,공용전환
2021-10-14,2021-10-23,badbergjr,박대리,확정,4321190224407366,액정모니터,M202000254,2020-11-15,6342000,2020-12-04,사회과학대학RC행정팀(서울),반납,중고품,사업종료
2020-07-02,2020-07-14,badbergjr,박대리,확정,5216150523860502,텔레비전,M201900390,2019-06-15,4182000,2019-06-18,사회과학대학RC행정팀(서울),반납,신품,잉여물품
2009-10-31,2009-11-07,badbergjr,박대리,확정,5610170325114372,책상,M200800575,2008-12-24,5720000,2008-12-28,사회과학대학RC행정팀(서울),반납,중고품,공용전환
2018-09-24,2018-09-29,badbergjr,박대리,확정,5610170325114372,책상,M201700361,2017-09-13,17157000,2017-09-20,사회과학대학RC행정팀(서울),반납,신품,사업종료
2007-01-21,2007-01-29,badbergjr,박대리,확정,5610170325114372,책상,M200600503,2006-10-18,75420000,2006-11-02,사회과학대학RC행정팀(서울),반납,신품,사업종료
2017-02-26,,badbergjr,박대리,반려,5610170325114372,책상,M201600524,2016-02-22,83415000,2016-03-10,사회과학대학RC행정팀(서울),운용,신품,사업종료
2016-11-13,2016-11-22,badbergjr,박대리,확정,5610170325114372,책상,M201600525,2016-02-22,83415000,2016-03-10,사회과학대학RC행정팀(서울),반납,중고품,공용전환
2016-06-16,2016-06-20,badbergjr,박대리,확정,5610170325114372,책상,M201600528,2016-02-22,83415000,2016-03-10,사회과학대학RC행정팀(서울),반납,중고품,사업종료
2016-05-03,2016-05-17,badbergjr,박대리,확정,5610170325114372,책상,M201600530,2016-02-22,83415000,2016-03-10,사회과학대학RC행정팀(서울),반납,중고품,사업종료
2016-09-25,2016-10-06,badbergjr,박대리,확정,5610170325114372,책상,M201600536,2016-02-22,83415000,2016-03-10,사회과학대학RC행정팀(서울),반납,신품,잉여물품
2025-06-30,2025-07-07,badbergjr,박대리,확정,5610170325114372,책상,M202500439,2025-05-21,84195000,2025-06-02,사회과학대학RC행정팀(서울),반납,신품,사업종료
2016-12-01,2016-12-04,badbergjr,박대리,확정,5610170325114372,책상,M201600511,2016-01-12,73216000,2016-01-29,사회과학대학RC행정팀(서울),반납,신품,사업종료
2017-12-23,2017-12-30,badbergjr,박대리,확정,5610170325114372,책상,M201700360,2017-08-01,16698000,2017-08-04,사회과학대학RC행정팀(서울),반납,중고품,공용전환
2024-12-15,,badbergjr,박대리,대기,5610170325114372,책상,M201500428,2015-07-31,17817000,2015-08-04,사회과학대학RC행정팀(서울),운용,중고품,사업종료
2016-03-05,2016-03-13,badbergjr,박대리,확정,5610170325114372,책상,M201500430,2015-07-31,17817000,2015-08-04,사회과학대학RC행정팀(서울),반납,신품,사업종료
2020-11-25,2020-12-09,badbergjr,박대리,확정,5610170325114372,책상,M202000266,2020-04-17,16935000,2020-04-24,사회과학대학RC행정팀(서울),반납,신품,잉여물품
2016-11-18,2016-11-24,badbergjr,박대리,확정,5611210224128496,작업용의자,M201600541,2016-08-29,1720000,2016-09-17,사회과학대학RC행정팀(서울),반납,중고품,사업종료
2017-03-25,2017-04-07,badbergjr,박대리,확정,5611210224128496,작업용의자,M201600547,2016-08-29,1720000,2016-09-17,사회과학대학RC행정팀(서울),반납,중고품,사업종료
2015-06-12,2015-06-19,badbergjr,박대리,확정,5611210224128496,작업용의자,M201500447,2015-01-30,1577000,2015-02-18,사회과학대학RC행정팀(서울),반납,중고품,공용전환
2025-10-31,,badbergjr,박대리,대기,5611210824917370,책상용콤비의자,M201500469,2015-10-28,8460000,2015-11-14,사회과학대학RC행정팀(서울),운용,중고품,사업종료
2025-11-18,,badbergjr,박대리,대기,5611210824917370,책상용콤비의자,M201500474,2015-10-28,8460000,2015-11-14,사회과학대학RC행정팀(서울),운용,신품,사업종료
2016-03-29,,badbergjr,박대리,반려,5611210824917370,책상용콤비의자,M201500475,2015-10-28,8460000,2015-11-14,사회과학대학RC행정팀(서울),운용,중고품,사업종료
2008-01-07,2008-01-13,badbergjr,박대리,확정,5611210824917370,책상용콤비의자,M200700519,2007-07-16,7942000,2007-08-01,사회과학대학RC행정팀(서울),반납,신품,사업종료
2019-04-12,2019-04-19,badbergjr,박대리,확정,5611210824917370,책상용콤비의자,M201800510,2018-10-16,8379000,2018-10-29,사회과학대학RC행정팀(서울),반납,신품,사업종료
2025-06-15,,badbergjr,박대리,대기,5611210824917370,책상용콤비의자,M201800514,2018-10-16,8379000,2018-10-29,사회과학대학RC행정팀(서울),운용,신품,잉여물품
2019-06-27,2019-07-03,badbergjr,박대리,확정,5611210824917370,책상용콤비의자,M201800516,2018-10-16,8379000,2018-10-29,사회과학대학RC행정팀(서울),반납,중고품,공용전환
2019-02-08,2019-02-18,badbergjr,박대리,확정,5611210824917370,책상용콤비의자,M201800517,2018-10-16,8379000,2018-10-29,사회과학대학RC행정팀(서울),반납,신품,공용전환
2016-03-09,2016-03-12,badbergjr,박대리,확정,5611210824917370,책상용콤비의자,M201500454,2015-02-23,5655000,2015-03-14,사회과학대학RC행정팀(서울),반납,중고품,공용전환
2015-12-22,2015-12-27,badbergjr,박대리,확정,5611210824917370,책상용콤비의자,M201500458,2015-02-23,5655000,2015-03-14,사회과학대학RC행정팀(서울),반납,중고품,사업종료
2015-10-02,2015-10-16,badbergjr,박대리,확정,5611210824917370,책상용콤비의자,M201500463,2015-02-23,5655000,2015-03-14,사회과학대학RC행정팀(서울),반납,신품,사업종료
2015-10-27,2015-11-10,badbergjr,박대리,확정,5611210824917370,책상용콤비의자,M201500464,2015-02-23,5655000,2015-03-14,사회과학대학RC행정팀(서울),반납,중고품,공용전환
2015-07-31,2015-08-10,badbergjr,박대리,확정,5611210824917370,책상용콤비의자,M201500465,2015-02-23,5655000,2015-03-14,사회과학대학RC행정팀(서울),반납,중고품,사업종료
2016-08-10,2016-08-19,badbergjr,박대리,확정,5612179825616834,칠판보조장,M201500488,2015-08-02,9775000,2015-08-06,사회과학대학RC행정팀(서울),반납,중고품,사업종료
2006-10-23,2006-10-26,badbergjr,박대리,확정,5612179825616834,칠판보조장,M200600520,2006-02-23,36224000,2006-02-27,사회과학대학RC행정팀(서울),반납,신품,잉여물품
2022-04-06,2022-04-17,badbergjr,박대리,확정,5612179825616834,칠판보조장,M202100198,2021-12-08,40952000,2021-12-13,사회과학대학RC행정팀(서울),반납,중고품,공용전환
2016-08-31,2016-09-14,badbergjr,박대리,확정,4411191125460962,인터랙티브화이트보드및액세서리,M201600506,2016-06-01,23199000,2016-06-06,사회과학대학RC행정팀(서울),반납,신품,사업종료
2021-05-18,2021-05-27,badbergjr,박대리,확정,4411191125460962,인터랙티브화이트보드및액세서리,M202100192,2021-02-03,96028000,2021-02-10,사회과학대학RC행정팀(서울),반납,중고품,공용전환
2021-06-01,2021-06-06,badbergjr,박대리,확정,4411191125460962,인터랙티브화이트보드및액세서리,M202100193,2021-02-03,96028000,2021-02-10,사회과학대학RC행정팀(서울),반납,중고품,사업종료
2019-07-08,2019-07-17,badbergjr,박대리,확정,5610150222528723,소파,M201800488,2018-08-04,3780000,2018-08-11,사회과학대학RC행정팀(서울),반납,중고품,공용전환
2020-08-09,2020-08-20,badbergjr,박대리,확정,5610150222528723,소파,M201900396,2019-08-04,3088000,2019-08-10,사회과학대학RC행정팀(서울),반납,신품,공용전환
2019-12-20,2019-12-30,badbergjr,박대리,확정,5610150222528723,소파,M201900393,2019-09-25,2325000,2019-10-01,사회과학대학RC행정팀(서울),반납,정비필요품,사업종료
2019-04-27,2019-05-05,badbergjr,박대리,확정,5610170622575869,회의용탁자,M201900404,2019-01-17,10136000,2019-01-31,사회과학대학RC행정팀(서울),반납,중고품,사업종료
2021-08-10,2021-08-13,badbergjr,박대리,확정,5610170622575869,회의용탁자,M202000278,2020-08-26,12112000,2020-09-06,사회과학대학RC행정팀(서울),반납,중고품,사업종료
2018-12-25,2018-12-31,badbergjr,박대리,확정,5610170622575869,회의용탁자,M201800500,2018-09-01,2412000,2018-09-04,사회과학대학RC행정팀(서울),반납,중고품,사업종료
2019-06-12,2019-06-21,badbergjr,박대리,확정,5610170622575869,회의용탁자,M201900422,2019-02-13,13104000,2019-03-03,사회과학대학RC행정팀(서울),반납,중고품,사업종료
2020-03-15,2020-03-19,badbergjr,박대리,확정,4321150724355228,데스크톱컴퓨터,M202000301,2020-01-21,2649000,2020-01-26,자연과학대학RC행정팀(서울),반납,중고품,사업종료
2023-09-20,2023-09-29,badbergjr,박대리,확정,4321150724355228,데스크톱컴퓨터,M202300302,2023-08-19,28356000,2023-08-31,자연과학대학RC행정팀(서울),반납,중고품,사업종료
2023-10-09,2023-10-13,badbergjr,박대리,확정,4321150724355228,데스크톱컴퓨터,M202300307,2023-08-19,28356000,2023-08-31,자연과학대학RC행정팀(서울),반납,중고품,사업종료
2021-02-09,2021-02-17,badbergjr,박대리,확정,4321190224407366,액정모니터,M202000336,2020-06-05,5580000,2020-06-23,자연과학대학RC행정팀(서울),반납,중고품,사업종료
2020-12-30,2021-01-13,badbergjr,박대리,확정,5610170325114372,책상,M202000348,2020-03-09,72150000,2020-03-23,자연과학대학RC행정팀(서울),반납,중고품,사업종료
2025-07-18,,badbergjr,박대리,대기,5610170325114372,책상,M202000351,2020-03-09,72150000,2020-03-23,자연과학대학RC행정팀(서울),운용,신품,공용전환
2019-12-14,2019-12-28,badbergjr,박대리,확정,5610170325114372,책상,M201800558,2018-12-28,101538000,2019-01-05,자연과학대학RC행정팀(서울),반납,신품,공용전환
2019-07-03,2019-07-15,badbergjr,박대리,확정,5610170325114372,책상,M201800559,2018-12-28,101538000,2019-01-05,자연과학대학RC행정팀(서울),반납,중고품,사업종료
2019-08-18,2019-08-28,badbergjr,박대리,확정,5610170325114372,책상,M201800565,2018-12-28,101538000,2019-01-05,자연과학대학RC행정팀(서울),반납,정비필요품,사업종료
2019-05-29,2019-06-06,badbergjr,박대리,확정,5610170325114372,책상,M201800566,2018-12-28,101538000,2019-01-05,자연과학대학RC행정팀(서울),반납,중고품,사업종료
2019-07-02,2019-07-11,badbergjr,박대리,확정,5610170325114372,책상,M201800570,2018-12-28,101538000,2019-01-05,자연과학대학RC행정팀(서울),반납,중고품,공용전환
2009-04-25,2009-05-06,badbergjr,박대리,확정,5610170325114372,책상,M200800692,2008-11-25,103840000,2008-12-02,자연과학대학RC행정팀(서울),반납,중고품,사업종료
2009-12-05,2009-12-13,badbergjr,박대리,확정,5610170325114372,책상,M200800697,2008-11-25,103840000,2008-12-02,자연과학대학RC행정팀(서울),반납,중고품,공용전환
2020-02-01,,badbergjr,박대리,반려,5610170325114372,책상,M201900456,2019-11-24,11816000,2019-12-01,자연과학대학RC행정팀(서울),운용,중고품,사업종료
2019-04-04,2019-04-14,badbergjr,박대리,확정,5610170325114372,책상,M201800547,2018-06-24,11096000,2018-07-01,자연과학대학RC행정팀(서울),반납,신품,공용전환
2017-05-27,2017-06-02,badbergjr,박대리,확정,5610170325114372,책상,M201600645,2016-07-04,5924000,2016-07-09,자연과학대학RC행정팀(서울),반납,신품,잉여물품
2017-12-20,2017-12-24,badbergjr,박대리,확정,5611210224128496,작업용의자,M201700421,2017-10-26,800000,2017-11-14,자연과학대학RC행정팀(서울),반납,중고품,사업종료
2015-08-28,2015-09-07,badbergjr,박대리,확정,5611210224128496,작업용의자,M201400428,2014-12-04,1230000,2014-12-24,자연과학대학RC행정팀(서울),반납,신품,잉여물품
2019-06-14,2019-06-19,badbergjr,박대리,확정,5611210224128496,작업용의자,M201800599,2018-09-27,273000,2018-10-02,자연과학대학RC행정팀(서울),반납,중고품,공용전환
2019-01-28,2019-01-31,badbergjr,박대리,확정,5611210224128496,작업용의자,M201800615,2018-03-26,1584000,2018-04-13,자연과학대학RC행정팀(서울),반납,신품,공용전환
2018-08-01,2018-08-07,badbergjr,박대리,확정,5611210224128496,작업용의자,M201800618,2018-03-26,1584000,2018-04-13,자연과학대학RC행정팀(서울),반납,신품,공용전환
2018-04-12,2018-04-17,badbergjr,박대리,확정,5611210224128496,작업용의자,M201700428,2017-06-03,996000,2017-06-15,자연과학대학RC행정팀(서울),반납,정비필요품,사업종료
2015-02-15,2015-02-27,badbergjr,박대리,확정,5611210224128496,작업용의자,M201400411,2014-11-17,840000,2014-12-05,자연과학대학RC행정팀(서울),반납,신품,사업종료
2017-11-22,2017-12-01,badbergjr,박대리,확정,5611210224128496,작업용의자,M201700414,2017-10-23,172000,2017-10-26,자연과학대학RC행정팀(서울),반납,신품,사업종료
2007-08-18,2007-08-27,badbergjr,박대리,확정,5611210824917370,책상용콤비의자,M200600585,2006-11-16,828000,2006-11-20,자연과학대학RC행정팀(서울),반납,중고품,사업종료
2020-07-08,2020-07-22,badbergjr,박대리,확정,5611210824917370,책상용콤비의자,M201900482,2019-08-21,874000,2019-08-27,자연과학대학RC행정팀(서울),반납,중고품,사업종료
2016-03-29,2016-04-03,badbergjr,박대리,확정,5611210824917370,책상용콤비의자,M201500581,2015-03-31,4818000,2015-04-12,자연과학대학RC행정팀(서울),반납,신품,공용전환
2015-10-13,2015-10-21,badbergjr,박대리,확정,5611210824917370,책상용콤비의자,M201500582,2015-03-31,4818000,2015-04-12,자연과학대학RC행정팀(서울),반납,신품,공용전환
2015-07-11,2015-07-17,badbergjr,박대리,확정,5611210824917370,책상용콤비의자,M201500584,2015-03-31,4818000,2015-04-12,자연과학대학RC행정팀(서울),반납,신품,사업종료
2017-07-09,2017-07-23,badbergjr,박대리,확정,5611210824917370,책상용콤비의자,M201600672,2016-11-02,1365000,2016-11-05,자연과학대학RC행정팀(서울),반납,신품,사업종료
2010-04-21,2010-05-03,badbergjr,박대리,확정,5611210824917370,책상용콤비의자,M200900843,2009-05-23,7448000,2009-06-04,자연과학대학RC행정팀(서울),반납,중고품,공용전환
2009-12-24,2009-12-31,badbergjr,박대리,확정,5611210824917370,책상용콤비의자,M200900845,2009-05-23,7448000,2009-06-04,자연과학대학RC행정팀(서울),반납,신품,사업종료
2020-06-30,2020-07-12,badbergjr,박대리,확정,5611210824917370,책상용콤비의자,M202000391,2020-02-03,7828000,2020-02-22,자연과학대학RC행정팀(서울),반납,중고품,사업종료
2020-06-01,2020-06-15,badbergjr,박대리,확정,5611210824917370,책상용콤비의자,M202000392,2020-02-03,7828000,2020-02-22,자연과학대학RC행정팀(서울),반납,신품,잉여물품
2020-11-30,,badbergjr,박대리,반려,5611210824917370,책상용콤비의자,M202000395,2020-02-03,7828000,2020-02-22,자연과학대학RC행정팀(서울),운용,신품,공용전환
2025-07-21,,badbergjr,박대리,대기,5611210824917370,책상용콤비의자,M200800747,2008-12-09,6664000,2008-12-19,자연과학대학RC행정팀(서울),운용,신품,잉여물품
2020-09-06,2020-09-09,badbergjr,박대리,확정,5611210824917370,책상용콤비의자,M201900487,2019-10-14,7140000,2019-10-21,자연과학대학RC행정팀(서울),반납,중고품,사업종료
2025-06-28,,badbergjr,박대리,대기,5611210824917370,책상용콤비의자,M201900492,2019-10-14,7140000,2019-10-21,자연과학대학RC행정팀(서울),운용,신품,공용전환
2020-07-14,2020-07-26,badbergjr,박대리,확정,5611210824917370,책상용콤비의자,M201900493,2019-10-14,7140000,2019-10-21,자연과학대학RC행정팀(서울),반납,중고품,사업종료
2019-11-25,2019-12-05,badbergjr,박대리,확정,5611210824917370,책상용콤비의자,M201900494,2019-10-14,7140000,2019-10-21,자연과학대학RC행정팀(서울),반납,신품,사업종료
2020-07-16,2020-07-23,badbergjr,박대리,확정,5611210824917370,책상용콤비의자,M202000385,2020-01-25,5316000,2020-02-07,자연과학대학RC행정팀(서울),반납,중고품,사업종료
2021-04-15,2021-04-28,badbergjr,박대리,확정,5611210824917370,책상용콤비의자,M202000374,2020-12-26,451000,2020-12-31,자연과학대학RC행정팀(서울),반납,신품,사업종료
2020-10-04,2020-10-15,badbergjr,박대리,확정,5611210824917370,책상용콤비의자,M202000378,2020-04-24,924000,2020-05-01,자연과학대학RC행정팀(서울),반납,정비필요품,사업종료
2017-11-06,2017-11-20,badbergjr,박대리,확정,5611210824917370,책상용콤비의자,M201700437,2017-05-23,882000,2017-05-27,자연과학대학RC행정팀(서울),반납,신품,잉여물품
2021-01-06,2021-01-13,badbergjr,박대리,확정,5611210824917370,책상용콤비의자,M202000375,2020-01-22,890000,2020-01-28,자연과학대학RC행정팀(서울),반납,중고품,공용전환
2020-06-01,2020-06-05,badbergjr,박대리,확정,5611210824917370,책상용콤비의자,M202000376,2020-01-22,890000,2020-01-28,자연과학대학RC행정팀(서울),반납,신품,공용전환
2007-11-13,2007-11-20,badbergjr,박대리,확정,5612179825616834,칠판보조장,M200700591,2007-02-07,48845000,2007-02-11,자연과학대학RC행정팀(서울),반납,중고품,공용전환
2014-09-21,2014-09-25,badbergjr,박대리,확정,5612179825616834,칠판보조장,M201400430,2014-03-14,51200000,2014-03-21,자연과학대학RC행정팀(서울),반납,중고품,공용전환
2025-11-27,,badbergjr,박대리,대기,5612179825616834,칠판보조장,M201600675,2016-03-03,9632000,2016-03-10,자연과학대학RC행정팀(서울),운용,신품,공용전환
2022-05-21,2022-05-31,badbergjr,박대리,확정,4411191125460962,인터랙티브화이트보드및액세서리,M202100218,2021-05-11,116235000,2021-05-14,자연과학대학RC행정팀(서울),반납,중고품,공용전환
2017-05-20,2017-06-01,badbergjr,박대리,확정,5610150222528723,소파,M201600643,2016-05-23,3136000,2016-05-26,자연과학대학RC행정팀(서울),반납,신품,공용전환
2019-07-27,,badbergjr,박대리,반려,5610150222528723,소파,M201900453,2019-03-13,3810000,2019-03-16,자연과학대학RC행정팀(서울),운용,신품,사업종료
2018-02-28,2018-03-04,badbergjr,박대리,확정,5610150222528723,소파,M201700403,2017-06-07,3930000,2017-06-13,자연과학대학RC행정팀(서울),반납,중고품,사업종료
2017-12-26,2017-12-29,badbergjr,박대리,확정,5610150222528723,소파,M201700406,2017-06-07,3930000,2017-06-13,자연과학대학RC행정팀(서울),반납,신품,사업종료
2018-09-01,2018-09-11,badbergjr,박대리,확정,5610150222528723,소파,M201800543,2018-05-01,3880000,2018-05-04,자연과학대학RC행정팀(서울),반납,신품,사업종료
2020-12-14,2020-12-22,badbergjr,박대리,확정,5610170622575869,회의용탁자,M202000370,2020-01-28,12495000,2020-02-12,자연과학대학RC행정팀(서울),반납,신품,잉여물품
2019-09-27,2019-10-10,badbergjr,박대리,확정,5610170622575869,회의용탁자,M201900461,2019-01-16,2505000,2019-01-20,자연과학대학RC행정팀(서울),반납,중고품,사업종료
2017-02-26,2017-03-08,badbergjr,박대리,확정,5610170622575869,회의용탁자,M201600659,2016-02-24,10127000,2016-03-11,자연과학대학RC행정팀(서울),반납,중고품,공용전환
2020-07-18,2020-07-23,badbergjr,박대리,확정,5610170622575869,회의용탁자,M201900469,2019-08-10,13005000,2019-08-22,자연과학대학RC행정팀(서울),반납,신품,사업종료
2020-01-12,2020-01-18,badbergjr,박대리,확정,5610170622575869,회의용탁자,M201900473,2019-08-10,13005000,2019-08-22,자연과학대학RC행정팀(서울),반납,신품,사업종료
2019-10-09,2019-10-22,badbergjr,박대리,확정,5610170622575869,회의용탁자,M201900474,2019-08-10,13005000,2019-08-22,자연과학대학RC행정팀(서울),반납,신품,공용전환
2019-10-02,2019-10-12,badbergjr,박대리,확정,5610170622575869,회의용탁자,M201900477,2019-08-10,13005000,2019-08-22,자연과학대학RC행정팀(서울),반납,신품,사업종료
2019-07-11,2019-07-17,badbergjr,박대리,확정,4016160225676461,공기청정기,M201800524,2018-07-26,793000,2018-08-01,자연과학대학RC행정팀(서울),반납,중고품,사업종료
2020-09-28,,badbergjr,박대리,반려,5612200222443915,실험실용보관장또는보조용품,M202000410,2020-08-15,936000,2020-08-22,자연과학대학RC행정팀(서울),운용,신품,사업종료
2025-11-21,,badbergjr,박대리,대기,5612200222443915,실험실용보관장또는보조용품,M202000412,2020-08-15,936000,2020-08-22,자연과학대학RC행정팀(서울),운용,중고품,사업종료
2023-10-28,2023-11-11,badbergjr,박대리,확정,4321150324343967,노트북컴퓨터,M202300144,2023-01-01,10250000,2023-01-20,공과대학RC행정팀(서울),반납,신품,공용전환
2020-05-14,2020-05-28,badbergjr,박대리,확정,4321150724158946,데스크톱컴퓨터,M201900240,2019-04-27,5698000,2019-05-08,공과대학RC행정팀(서울),반납,중고품,사업종료
2020-03-14,2020-03-28,badbergjr,박대리,확정,4321190224407366,액정모니터,M201900272,2019-09-06,7230000,2019-09-19,공과대학RC행정팀(서울),반납,신품,잉여물품
2025-12-13,2025-12-24,badbergjr,박대리,확정,4321190224407366,액정모니터,M202500293,2025-11-11,7590000,2025-11-24,공과대학RC행정팀(서울),반납,신품,잉여물품
2022-09-10,2022-09-21,badbergjr,박대리,확정,4321210523858386,레이저프린터,M202100144,2021-09-17,3455000,2021-09-23,공과대학RC행정팀(서울),반납,신품,사업종료
2017-11-05,2017-11-10,badbergjr,박대리,확정,5610170325114372,책상,M201700267,2017-08-25,17868000,2017-08-30,공과대학RC행정팀(서울),반납,신품,사업종료
2016-03-31,2016-04-14,badbergjr,박대리,확정,5610170325114372,책상,M201500338,2015-08-06,61608000,2015-08-25,공과대학RC행정팀(서울),반납,중고품,공용전환
2016-04-13,2016-04-26,badbergjr,박대리,확정,5610170325114372,책상,M201500339,2015-08-06,61608000,2015-08-25,공과대학RC행정팀(서울),반납,중고품,사업종료
2016-01-09,2016-01-20,badbergjr,박대리,확정,5610170325114372,책상,M201500341,2015-08-06,61608000,2015-08-25,공과대학RC행정팀(서울),반납,중고품,사업종료
2015-04-27,2015-05-07,badbergjr,박대리,확정,5610170325114372,책상,M201400233,2014-07-09,85328000,2014-07-21,공과대학RC행정팀(서울),반납,중고품,공용전환
2015-08-29,2015-09-11,badbergjr,박대리,확정,5610170325114372,책상,M201500329,2015-07-08,59598000,2015-07-18,공과대학RC행정팀(서울),반납,신품,사업종료
2016-05-21,2016-05-27,badbergjr,박대리,확정,5610170325114372,책상,M201500334,2015-07-08,59598000,2015-07-18,공과대학RC행정팀(서울),반납,중고품,사업종료
2017-10-24,2017-11-01,badbergjr,박대리,확정,5610170325114372,책상,M201600308,2016-11-14,96876000,2016-11-25,공과대학RC행정팀(서울),반납,신품,사업종료
2017-01-18,2017-01-25,badbergjr,박대리,확정,5610170325114372,책상,M201600316,2016-11-14,96876000,2016-11-25,공과대학RC행정팀(서울),반납,정비필요품,사업종료
2018-08-10,2018-08-15,badbergjr,박대리,확정,5610170325114372,책상,M201700273,2017-12-14,56960000,2017-12-28,공과대학RC행정팀(서울),반납,중고품,공용전환
2018-08-12,2018-08-18,badbergjr,박대리,확정,5610170325114372,책상,M201700276,2017-12-14,56960000,2017-12-28,공과대학RC행정팀(서울),반납,중고품,공용전환
2018-05-01,2018-05-07,badbergjr,박대리,확정,5610170325114372,책상,M201700278,2017-12-14,56960000,2017-12-28,공과대학RC행정팀(서울),반납,중고품,사업종료
2025-07-02,,badbergjr,박대리,대기,5611210224128496,작업용의자,M201600364,2016-11-29,1476000,2016-12-15,공과대학RC행정팀(서울),운용,중고품,공용전환
2017-12-05,2017-12-14,badbergjr,박대리,확정,5611210224128496,작업용의자,M201600367,2016-11-29,1476000,2016-12-15,공과대학RC행정팀(서울),반납,중고품,공용전환
2017-02-10,,badbergjr,박대리,반려,5611210224128496,작업용의자,M201600371,2016-11-29,1476000,2016-12-15,공과대학RC행정팀(서울),운용,신품,사업종료
2026-01-01,2026-01-04,badbergjr,박대리,확정,5611210224128496,작업용의자,M202500372,2025-11-18,1638000,2025-12-05,공과대학RC행정팀(서울),반납,신품,사업종료
2024-10-10,,badbergjr,박대리,대기,5611210224128496,작업용의자,M201800425,2018-01-12,957000,2018-02-01,공과대학RC행정팀(서울),운용,중고품,사업종료
2025-12-19,,badbergjr,박대리,대기,5611210224128496,작업용의자,M201700300,2017-02-07,1105000,2017-02-27,공과대학RC행정팀(서울),운용,중고품,사업종료
2010-03-27,2010-04-04,badbergjr,박대리,확정,5611210824917370,책상용콤비의자,M200900423,2009-12-20,438000,2009-12-27,공과대학RC행정팀(서울),반납,신품,잉여물품
2010-03-28,2010-04-09,badbergjr,박대리,확정,5611210824917370,책상용콤비의자,M200900445,2009-03-16,7752000,2009-03-24,공과대학RC행정팀(서울),반납,중고품,공용전환
2025-01-22,,badbergjr,박대리,대기,5611210824917370,책상용콤비의자,M200900450,2009-03-16,7752000,2009-03-24,공과대학RC행정팀(서울),운용,중고품,사업종료
2021-01-29,2021-02-02,badbergjr,박대리,확정,5611210824917370,책상용콤비의자,M202000142,2020-01-03,7904000,2020-01-22,공과대학RC행정팀(서울),반납,중고품,사업종료
2025-09-03,,badbergjr,박대리,대기,5611210824917370,책상용콤비의자,M202000152,2020-01-03,7904000,2020-01-22,공과대학RC행정팀(서울),운용,중고품,사업종료
2020-03-24,,badbergjr,박대리,반려,5611210824917370,책상용콤비의자,M202000153,2020-01-03,7904000,2020-01-22,공과대학RC행정팀(서울),운용,중고품,공용전환
2020-04-22,2020-05-06,badbergjr,박대리,확정,5611210824917370,책상용콤비의자,M202000133,2020-01-27,4190000,2020-02-12,공과대학RC행정팀(서울),반납,중고품,사업종료
2020-05-22,2020-06-01,badbergjr,박대리,확정,5611210824917370,책상용콤비의자,M202000134,2020-01-27,4190000,2020-02-12,공과대학RC행정팀(서울),반납,중고품,사업종료
2026-01-29,,badbergjr,박대리,대기,5611210824917370,책상용콤비의자,M201900297,2019-05-06,7378000,2019-05-26,공과대학RC행정팀(서울),운용,신품,사업종료
2020-02-10,2020-02-14,badbergjr,박대리,확정,5611210824917370,책상용콤비의자,M201900300,2019-05-06,7378000,2019-05-26,공과대학RC행정팀(서울),반납,신품,사업종료
2019-07-16,2019-07-28,badbergjr,박대리,확정,5611210824917370,책상용콤비의자,M201900301,2019-05-06,7378000,2019-05-26,공과대학RC행정팀(서울),반납,신품,공용전환
2019-11-23,2019-11-27,badbergjr,박대리,확정,5611210824917370,책상용콤비의자,M201900305,2019-05-06,7378000,2019-05-26,공과대학RC행정팀(서울),반납,신품,사업종료
2015-05-17,2015-05-21,badbergjr,박대리,확정,5612179825616834,칠판보조장,M201400245,2014-05-28,50340000,2014-06-01,공과대학RC행정팀(서울),반납,신품,잉여물품
2015-09-01,2015-09-10,badbergjr,박대리,확정,5612179825616834,칠판보조장,M201500358,2015-05-11,47495000,2015-05-17,공과대학RC행정팀(서울),반납,신품,사업종료
2014-08-09,2014-08-23,badbergjr,박대리,확정,5612179825616834,칠판보조장,M201300222,2013-10-17,49465000,2013-10-23,공과대학RC행정팀(서울),반납,신품,사업종료
2013-12-12,2013-12-24,badbergjr,박대리,확정,5612179825616834,칠판보조장,M201300223,2013-10-17,49465000,2013-10-23,공과대학RC행정팀(서울),반납,신품,공용전환
2024-10-06,,badbergjr,박대리,대기,5612179825616834,칠판보조장,M201300224,2013-10-17,49465000,2013-10-23,공과대학RC행정팀(서울),운용,신품,공용전환
2017-04-06,2017-04-15,badbergjr,박대리,확정,5612179825616834,칠판보조장,M201700303,2017-01-19,10173000,2017-01-25,공과대학RC행정팀(서울),반납,중고품,사업종료
2017-04-23,2017-04-27,badbergjr,박대리,확정,5610150222528723,소파,M201600294,2016-06-05,2190000,2016-06-11,공과대학RC행정팀(서울),반납,중고품,공용전환
2025-12-12,,badbergjr,박대리,대기,5610170622575869,회의용탁자,M201600339,2016-06-07,13806000,2016-06-25,공과대학RC행정팀(서울),운용,신품,잉여물품
2019-09-12,2019-09-21,badbergjr,박대리,확정,5610170622575869,회의용탁자,M201800404,2018-12-28,11760000,2019-01-06,공과대학RC행정팀(서울),반납,중고품,공용전환
2019-11-20,2019-11-27,badbergjr,박대리,확정,5610170622575869,회의용탁자,M201800417,2018-12-28,11760000,2019-01-06,공과대학RC행정팀(서울),반납,중고품,공용전환
2020-03-21,2020-04-03,badbergjr,박대리,확정,5610170622575869,회의용탁자,M201800417,2018-12-28,11760000,2019-01-06,경상대학RC행정팀(ERICA),반납,신품,잉여물품
2026-02-04,,badbergjr,박대리,대기,5610170622575869,회의용탁자,M201700280,2017-09-20,1588000,2017-09-23,공과대학RC행정팀(서울),운용,중고품,공용전환
2018-09-11,,badbergjr,박대리,반려,5610170622575869,회의용탁자,M201800397,2018-07-15,10920000,2018-07-23,공과대학RC행정팀(서울),운용,신품,사업종료
2019-01-30,2019-02-04,badbergjr,박대리,확정,5610170622575869,회의용탁자,M201800401,2018-07-15,10920000,2018-07-23,공과대학RC행정팀(서울),반납,신품,사업종료
2017-10-26,2017-11-08,badbergjr,박대리,확정,5610170622575869,회의용탁자,M201600331,2016-12-31,12716000,2017-01-07,공과대학RC행정팀(서울),반납,중고품,사업종료
2017-07-23,2017-07-28,badbergjr,박대리,확정,5610170622575869,회의용탁자,M201600335,2016-12-31,12716000,2017-01-07,공과대학RC행정팀(서울),반납,중고품,공용전환
2019-05-01,2019-05-07,badbergjr,박대리,확정,5610170622575869,회의용탁자,M201900278,2019-04-08,1534000,2019-04-12,공과대학RC행정팀(서울),반납,신품,사업종료
2019-12-28,2020-01-06,badbergjr,박대리,확정,5610170622575869,회의용탁자,M201900286,2019-05-15,9408000,2019-05-29,공과대학RC행정팀(서울),반납,신품,사업종료
2019-03-02,2019-03-16,badbergjr,박대리,확정,4016160225676461,공기청정기,M201800325,2018-05-05,784000,2018-05-10,공과대학RC행정팀(서울),반납,신품,잉여물품
2019-11-23,2019-12-06,badbergjr,박대리,확정,4016160225676461,공기청정기,M201800325,2018-05-05,784000,2018-05-10,글로벌문화통상대학RC행정팀(ERICA),반납,중고품,사업종료
2018-12-17,2018-12-23,badbergjr,박대리,확정,5612200222443915,실험실용보관장또는보조용품,M201800436,2018-10-24,1210000,2018-10-29,공과대학RC행정팀(서울),반납,신품,사업종료
2019-01-14,2019-01-28,badbergjr,박대리,확정,5612200222443915,실험실용보관장또는보조용품,M201800439,2018-10-24,1210000,2018-10-29,공과대학RC행정팀(서울),반납,신품,공용전환
2023-01-08,2023-01-22,badbergjr,박대리,확정,4321150324343967,노트북컴퓨터,M202200233,2022-05-08,14053000,2022-05-22,인문과학대학RC행정팀(서울),반납,신품,공용전환
2021-09-27,2021-10-11,badbergjr,박대리,확정,4321150724355228,데스크톱컴퓨터,M202000180,2020-12-02,32656000,2020-12-21,인문과학대학RC행정팀(서울),반납,중고품,공용전환
2021-07-28,2021-08-06,badbergjr,박대리,확정,4321150724355228,데스크톱컴퓨터,M202000181,2020-12-02,32656000,2020-12-21,인문과학대학RC행정팀(서울),반납,정비필요품,사업종료
2025-08-11,,badbergjr,박대리,대기,4321150724355228,데스크톱컴퓨터,M202000188,2020-12-02,32656000,2020-12-21,인문과학대학RC행정팀(서울),운용,중고품,사업종료
2021-08-28,2021-09-04,badbergjr,박대리,확정,4321150724158946,데스크톱컴퓨터,M202100159,2021-01-13,4970000,2021-02-02,인문과학대학RC행정팀(서울),반납,신품,잉여물품
2023-04-01,2023-04-10,badbergjr,박대리,확정,4321190224407366,액정모니터,M202300185,2023-02-26,7376000,2023-03-08,인문과학대학RC행정팀(서울),반납,중고품,사업종료
2020-06-30,2020-07-05,badbergjr,박대리,확정,4321210523858386,레이저프린터,M202000193,2020-03-31,3315000,2020-04-05,인문과학대학RC행정팀(서울),반납,신품,사업종료
2021-04-12,2021-04-26,badbergjr,박대리,확정,4321171124204348,스캐너,M202000191,2020-11-20,5563000,2020-11-23,인문과학대학RC행정팀(서울),반납,중고품,사업종료
2025-01-18,,badbergjr,박대리,대기,4322330822060848,네트워크시스템장비용랙,M202000196,2020-05-17,1664000,2020-05-23,인문과학대학RC행정팀(서울),운용,중고품,사업종료
2020-01-23,,badbergjr,박대리,반려,5610170325114372,책상,M201900362,2019-01-29,17169000,2019-02-04,인문과학대학RC행정팀(서울),운용,신품,공용전환
2009-11-06,2009-11-15,badbergjr,박대리,확정,5610170325114372,책상,M200900529,2009-08-08,56540000,2009-08-16,인문과학대학RC행정팀(서울),반납,신품,잉여물품
2019-10-31,2019-11-14,badbergjr,박대리,확정,5610170325114372,책상,M201900375,2019-09-25,63206000,2019-10-03,인문과학대학RC행정팀(서울),반납,중고품,사업종료
2019-05-28,2019-06-10,badbergjr,박대리,확정,5610170325114372,책상,M201800458,2018-09-15,11238000,2018-09-19,인문과학대학RC행정팀(서울),반납,중고품,사업종료
2015-05-27,2015-06-02,badbergjr,박대리,확정,5610170325114372,책상,M201400301,2014-08-10,72423000,2014-08-23,인문과학대학RC행정팀(서울),반납,신품,잉여물품
2025-10-16,,badbergjr,박대리,대기,5610170325114372,책상,M201400303,2014-08-10,72423000,2014-08-23,인문과학대학RC행정팀(서울),운용,신품,사업종료
2015-06-16,2015-06-24,badbergjr,박대리,확정,5610170325114372,책상,M201400304,2014-08-10,72423000,2014-08-23,인문과학대학RC행정팀(서울),반납,중고품,사업종료
2015-08-10,2015-08-19,badbergjr,박대리,확정,5610170325114372,책상,M201400305,2014-08-10,72423000,2014-08-23,인문과학대학RC행정팀(서울),반납,중고품,사업종료
2014-12-21,2015-01-02,badbergjr,박대리,확정,5610170325114372,책상,M201400308,2014-08-10,72423000,2014-08-23,인문과학대학RC행정팀(서울),반납,중고품,공용전환
2020-03-14,2020-03-22,badbergjr,박대리,확정,5610170325114372,책상,M202000197,2020-02-08,5608000,2020-02-15,인문과학대학RC행정팀(서울),반납,중고품,사업종료
2014-10-30,,badbergjr,박대리,반려,5610170325114372,책상,M201400295,2014-04-27,5672000,2014-05-02,인문과학대학RC행정팀(서울),운용,신품,잉여물품
2007-04-07,2007-04-11,badbergjr,박대리,확정,5610170325114372,책상,M200600427,2006-04-24,5299000,2006-05-01,인문과학대학RC행정팀(서울),반납,중고품,공용전환
2016-09-03,2016-09-09,badbergjr,박대리,확정,5610170325114372,책상,M201600406,2016-02-04,5496000,2016-02-09,인문과학대학RC행정팀(서울),반납,중고품,공용전환
2020-02-13,2020-02-24,badbergjr,박대리,확정,5610170325114372,책상,M202000198,2020-01-02,17028000,2020-01-07,인문과학대학RC행정팀(서울),반납,중고품,공용전환
2020-07-08,2020-07-21,badbergjr,박대리,확정,5610170325114372,책상,M202000199,2020-01-02,17028000,2020-01-07,인문과학대학RC행정팀(서울),반납,신품,사업종료
2025-06-02,,badbergjr,박대리,대기,5610170325114372,책상,M202000199,2020-01-02,17028000,2020-01-07,경상대학RC행정팀(ERICA),운용,신품,잉여물품
2017-10-09,2017-10-16,badbergjr,박대리,확정,5611210224128496,작업용의자,M201700319,2017-01-05,270000,2017-01-11,인문과학대학RC행정팀(서울),반납,정비필요품,사업종료
2017-08-17,2017-08-30,badbergjr,박대리,확정,5611210224128496,작업용의자,M201700320,2017-01-05,270000,2017-01-11,인문과학대학RC행정팀(서울),반납,신품,사업종료
2016-11-15,2016-11-22,badbergjr,박대리,확정,5611210224128496,작업용의자,M201600431,2016-03-16,913000,2016-03-30,인문과학대학RC행정팀(서울),반납,중고품,사업종료
2025-08-19,,badbergjr,박대리,대기,5611210224128496,작업용의자,M201600438,2016-03-16,913000,2016-03-30,인문과학대학RC행정팀(서울),운용,신품,사업종료
2016-09-27,2016-10-08,badbergjr,박대리,확정,5611210224128496,작업용의자,M201600441,2016-03-16,913000,2016-03-30,인문과학대학RC행정팀(서울),반납,중고품,공용전환
2007-06-17,,badbergjr,박대리,반려,5611210824917370,책상용콤비의자,M200600449,2006-10-20,6544000,2006-10-31,인문과학대학RC행정팀(서울),운용,중고품,공용전환
2017-04-12,2017-04-20,badbergjr,박대리,확정,5611210824917370,책상용콤비의자,M201600474,2016-11-28,6512000,2016-12-06,인문과학대학RC행정팀(서울),반납,신품,잉여물품
2017-03-13,2017-03-22,badbergjr,박대리,확정,5611210824917370,책상용콤비의자,M201600478,2016-11-28,6512000,2016-12-06,인문과학대학RC행정팀(서울),반납,신품,사업종료
2020-11-19,2020-11-22,badbergjr,박대리,확정,5611210824917370,책상용콤비의자,M202000201,2020-01-06,8220000,2020-01-25,인문과학대학RC행정팀(서울),반납,중고품,공용전환
2021-01-04,2021-01-10,badbergjr,박대리,확정,5611210824917370,책상용콤비의자,M202000212,2020-01-06,8220000,2020-01-25,인문과학대학RC행정팀(서울),반납,중고품,사업종료
2020-04-07,2020-04-16,badbergjr,박대리,확정,5611210824917370,책상용콤비의자,M202000213,2020-01-06,8220000,2020-01-25,인문과학대학RC행정팀(서울),반납,신품,사업종료
2020-10-07,2020-10-12,badbergjr,박대리,확정,5611210824917370,책상용콤비의자,M202000219,2020-01-06,8220000,2020-01-25,인문과학대학RC행정팀(서울),반납,신품,잉여물품
2020-12-30,2021-01-12,badbergjr,박대리,확정,5611210824917370,책상용콤비의자,M202000220,2020-01-06,8220000,2020-01-25,인문과학대학RC행정팀(서울),반납,중고품,공용전환
2022-01-02,2022-01-06,badbergjr,박대리,확정,5611210824917370,책상용콤비의자,M202100169,2021-04-10,1413000,2021-04-14,인문과학대학RC행정팀(서울),반납,신품,사업종료
2006-11-29,2006-12-05,badbergjr,박대리,확정,5611210824917370,책상용콤비의자,M200500554,2005-12-03,4020000,2005-12-19,인문과학대학RC행정팀(서울),반납,신품,잉여물품
2016-10-13,2016-10-19,badbergjr,박대리,확정,5611210824917370,책상용콤비의자,M201600456,2016-05-07,4390000,2016-05-15,인문과학대학RC행정팀(서울),반납,중고품,공용전환
2016-07-19,2016-08-01,badbergjr,박대리,확정,5611210824917370,책상용콤비의자,M201600458,2016-05-07,4390000,2016-05-15,인문과학대학RC행정팀(서울),반납,중고품,사업종료
2015-10-20,2015-10-23,badbergjr,박대리,확정,5612179825616834,칠판보조장,M201500392,2015-07-03,38976000,2015-07-09,인문과학대학RC행정팀(서울),반납,신품,공용전환
2018-08-16,,badbergjr,박대리,반려,4411191125460962,인터랙티브화이트보드및액세서리,M201800453,2018-04-02,89364000,2018-04-07,인문과학대학RC행정팀(서울),운용,신품,사업종료
2023-01-31,2023-02-06,badbergjr,박대리,확정,5610150222528723,소파,M202200251,2022-05-24,2988000,2022-05-28,인문과학대학RC행정팀(서울),반납,중고품,공용전환
2023-01-29,2023-02-06,badbergjr,박대리,확정,5610150222528723,소파,M202200247,2022-09-26,1620000,2022-10-01,인문과학대학RC행정팀(서울),반납,중고품,사업종료
2022-02-25,2022-03-01,badbergjr,박대리,확정,5610150222528723,소파,M202100165,2021-11-17,2232000,2021-11-22,인문과학대학RC행정팀(서울),반납,정비필요품,사업종료
2016-12-06,,badbergjr,박대리,반려,5610170622575869,회의용탁자,M201600421,2016-02-12,8602000,2016-02-23,인문과학대학RC행정팀(서울),운용,중고품,공용전환
