﻿물품분류코드,물품분류명
43211503,노트북컴퓨터
43211507,데스크톱컴퓨터
43211902,액정모니터
43212105,레이저프린터
43211711,스캐너
43222609,네트워크라우터
43201803,하드디스크드라이브
43223308,네트워크시스템장비용랙
52161505,텔레비전
56101703,책상
56112102,작업용의자
56112108,책상용콤비의자
56121798,칠판보조장
44111911,인터랙티브화이트보드및액세서리
56101502,소파
56101706,회의용탁자
45121504,디지털카메라
44101503,다기능복사기
40161602,공기청정기
56122002,실험실용보관장또는보조용품
43232902,통신서버소프트웨어
