﻿반납일자,반납확정일자,등록자ID,등록자명,승인상태,G2B_목록번호,G2B_목록명,물품고유번호,취득일자,취득금액,정리일자,운용부서,운용상태,물품상태,사유
2022-07-07,,badbergjr,박대리,반려,4321150324343967,노트북컴퓨터,M202100310,2021-11-20,21780000,2021-12-06,소프트웨어융합대학RC행정팀(ERICA),운용,신품,공용전환
2023-04-30,2023-05-14,badbergjr,박대리,확정,4321150324510198,노트북컴퓨터,M202300334,2023-01-15,9112000,2023-01-29,소프트웨어융합대학RC행정팀(ERICA),반납,중고품,사업종료
2023-10-11,2023-10-24,badbergjr,박대리,확정,4321150324510198,노트북컴퓨터,M202300340,2023-01-15,9112000,2023-01-29,소프트웨어융합대학RC행정팀(ERICA),반납,신품,사업종료
2021-06-13,2021-06-26,badbergjr,박대리,확정,4321150724355228,데스크톱컴퓨터,M202000440,2020-08-15,38000000,2020-08-25,소프트웨어융합대학RC행정팀(ERICA),반납,신품,잉여물품
2020-01-04,2020-01-13,badbergjr,박대리,확정,4321150724158946,데스크톱컴퓨터,M201900639,2019-10-27,549000,2019-11-02,소프트웨어융합대학RC행정팀(ERICA),반납,신품,사업종료
2017-12-09,2017-12-23,badbergjr,박대리,확정,4321190224407366,액정모니터,M201700497,2017-08-07,9025000,2017-08-21,소프트웨어융합대학RC행정팀(ERICA),반납,중고품,공용전환
2022-10-24,,badbergjr,박대리,반려,4321190224407366,액정모니터,M202200282,2022-07-19,5652000,2022-07-28,소프트웨어융합대학RC행정팀(ERICA),운용,신품,사업종료
2025-01-11,,badbergjr,박대리,대기,4321190224407366,액정모니터,M202200284,2022-07-19,5652000,2022-07-28,소프트웨어융합대학RC행정팀(ERICA),운용,신품,공용전환
2022-10-23,2022-10-28,badbergjr,박대리,확정,4321190224407366,액정모니터,M202200286,2022-07-19,5652000,2022-07-28,소프트웨어융합대학RC행정팀(ERICA),반납,신품,잉여물품
2023-05-03,2023-05-17,badbergjr,박대리,확정,4321190224407366,액정모니터,M202200289,2022-07-19,5652000,2022-07-28,소프트웨어융합대학RC행정팀(ERICA),반납,신품,잉여물품
2025-12-18,,badbergjr,박대리,대기,4321190224407366,액정모니터,M202200291,2022-07-19,5652000,2022-07-28,소프트웨어융합대학RC행정팀(ERICA),운용,중고품,사업종료
2018-06-29,2018-07-06,badbergjr,박대리,확정,4321190224407366,액정모니터,M201800764,2018-04-05,6188000,2018-04-25,소프트웨어융합대학RC행정팀(ERICA),반납,중고품,사업종료
2020-08-11,2020-08-16,badbergjr,박대리,확정,4321190224407366,액정모니터,M202000443,2020-01-20,968000,2020-01-24,소프트웨어융합대학RC행정팀(ERICA),반납,신품,잉여물품
2025-02-26,,badbergjr,박대리,대기,4321210523858386,레이저프린터,M202000449,2020-10-21,3423000,2020-10-26,소프트웨어융합대학RC행정팀(ERICA),운용,중고품,사업종료
2007-09-13,2007-09-21,badbergjr,박대리,확정,4322330822060848,네트워크시스템장비용랙,M200700725,2007-07-11,3164000,2007-07-16,소프트웨어융합대학RC행정팀(ERICA),반납,신품,사업종료
2019-04-24,2019-05-08,badbergjr,박대리,확정,4322330822060848,네트워크시스템장비용랙,M201800781,2018-08-20,3408000,2018-08-23,소프트웨어융합대학RC행정팀(ERICA),반납,신품,잉여물품
2024-10-12,,badbergjr,박대리,대기,4322330822060848,네트워크시스템장비용랙,M201800783,2018-08-20,3408000,2018-08-23,소프트웨어융합대학RC행정팀(ERICA),운용,신품,공용전환
2020-06-12,2020-06-16,badbergjr,박대리,확정,5216150523860502,텔레비전,M201900679,2019-09-02,4092000,2019-09-05,소프트웨어융합대학RC행정팀(ERICA),반납,신품,사업종료
2019-01-27,2019-02-06,badbergjr,박대리,확정,5610170325114372,책상,M201800804,2018-04-09,16698000,2018-04-16,소프트웨어융합대학RC행정팀(ERICA),반납,신품,공용전환
2018-02-20,2018-03-06,badbergjr,박대리,확정,5610170325114372,책상,M201700529,2017-02-16,65400000,2017-03-02,소프트웨어융합대학RC행정팀(ERICA),반납,중고품,사업종료
2017-06-09,2017-06-21,badbergjr,박대리,확정,5610170325114372,책상,M201700534,2017-02-16,65400000,2017-03-02,소프트웨어융합대학RC행정팀(ERICA),반납,신품,사업종료
2009-09-04,2009-09-07,badbergjr,박대리,확정,5610170325114372,책상,M200900965,2009-08-08,84512000,2009-08-18,소프트웨어융합대학RC행정팀(ERICA),반납,중고품,공용전환
2018-11-25,,badbergjr,박대리,반려,5610170325114372,책상,M201800832,2018-08-29,88496000,2018-09-12,소프트웨어융합대학RC행정팀(ERICA),운용,중고품,사업종료
2019-03-12,2019-03-17,badbergjr,박대리,확정,5610170325114372,책상,M201800833,2018-08-29,88496000,2018-09-12,소프트웨어융합대학RC행정팀(ERICA),반납,신품,공용전환
2019-02-26,2019-03-08,badbergjr,박대리,확정,5610170325114372,책상,M201800836,2018-08-29,88496000,2018-09-12,소프트웨어융합대학RC행정팀(ERICA),반납,신품,잉여물품
2018-10-24,2018-11-03,badbergjr,박대리,확정,5610170325114372,책상,M201800838,2018-08-29,88496000,2018-09-12,소프트웨어융합대학RC행정팀(ERICA),반납,중고품,사업종료
2016-04-07,2016-04-17,badbergjr,박대리,확정,5610170325114372,책상,M201500588,2015-08-16,16872000,2015-08-19,소프트웨어융합대학RC행정팀(ERICA),반납,중고품,공용전환
2016-06-20,2016-07-04,badbergjr,박대리,확정,5610170325114372,책상,M201500588,2015-08-16,16872000,2015-08-19,학생지원팀(ERICA),반납,중고품,사업종료
2019-09-06,2019-09-18,badbergjr,박대리,확정,5610170325114372,책상,M201800808,2018-11-07,17739000,2018-11-12,소프트웨어융합대학RC행정팀(ERICA),반납,신품,공용전환
2025-01-29,,badbergjr,박대리,대기,5610170325114372,책상,M201800818,2018-05-05,68568000,2018-05-17,소프트웨어융합대학RC행정팀(ERICA),운용,신품,잉여물품
2025-02-25,,badbergjr,박대리,대기,5610170325114372,책상,M201800821,2018-05-05,68568000,2018-05-17,소프트웨어융합대학RC행정팀(ERICA),운용,중고품,사업종료
2008-09-16,2008-09-19,badbergjr,박대리,확정,5610170325114372,책상,M200700733,2007-10-11,16917000,2007-10-18,소프트웨어융합대학RC행정팀(ERICA),반납,신품,잉여물품
2016-06-29,2016-07-13,badbergjr,박대리,확정,5610170325114372,책상,M201600636,2016-05-08,17505000,2016-05-12,소프트웨어융합대학RC행정팀(ERICA),반납,정비필요품,사업종료
2016-12-01,2016-12-06,badbergjr,박대리,확정,5610170325114372,책상,M201600637,2016-05-08,17505000,2016-05-12,소프트웨어융합대학RC행정팀(ERICA),반납,신품,공용전환
2016-09-22,2016-10-05,badbergjr,박대리,확정,5610170325114372,책상,M201500590,2015-10-24,59378000,2015-11-06,소프트웨어융합대학RC행정팀(ERICA),반납,중고품,공용전환
2016-02-25,2016-03-06,badbergjr,박대리,확정,5610170325114372,책상,M201500594,2015-10-24,59378000,2015-11-06,소프트웨어융합대학RC행정팀(ERICA),반납,신품,사업종료
2016-04-10,2016-04-21,badbergjr,박대리,확정,5610170325114372,책상,M201500598,2015-10-24,59378000,2015-11-06,소프트웨어융합대학RC행정팀(ERICA),반납,신품,잉여물품
2010-04-29,2010-05-02,badbergjr,박대리,확정,5610170325114372,책상,M200900943,2009-06-22,68276000,2009-07-06,소프트웨어융합대학RC행정팀(ERICA),반납,정비필요품,사업종료
2010-02-27,2010-03-08,badbergjr,박대리,확정,5610170325114372,책상,M200900949,2009-06-22,68276000,2009-07-06,소프트웨어융합대학RC행정팀(ERICA),반납,신품,잉여물품
2020-01-16,2020-01-28,badbergjr,박대리,확정,5610170325114372,책상,M201900685,2019-01-16,74516000,2019-01-30,소프트웨어융합대학RC행정팀(ERICA),반납,중고품,사업종료
2025-10-26,,badbergjr,박대리,대기,5610170325114372,책상,M201900687,2019-01-16,74516000,2019-01-30,소프트웨어융합대학RC행정팀(ERICA),운용,중고품,사업종료
2019-07-27,2019-08-03,badbergjr,박대리,확정,5610170325114372,책상,M201900692,2019-01-16,74516000,2019-01-30,소프트웨어융합대학RC행정팀(ERICA),반납,중고품,사업종료
2006-10-18,2006-10-25,badbergjr,박대리,확정,5610170325114372,책상,M200600854,2006-05-11,11024000,2006-05-16,소프트웨어융합대학RC행정팀(ERICA),반납,중고품,사업종료
2024-11-14,,badbergjr,박대리,대기,5610170325114372,책상,M200600855,2006-05-11,11024000,2006-05-16,소프트웨어융합대학RC행정팀(ERICA),운용,신품,잉여물품
2015-11-04,2015-11-11,badbergjr,박대리,확정,5610170325114372,책상,M201500582,2015-07-19,11402000,2015-07-23,소프트웨어융합대학RC행정팀(ERICA),반납,정비필요품,사업종료
2018-08-23,2018-08-31,badbergjr,박대리,확정,5611210224128496,작업용의자,M201800857,2018-01-09,258000,2018-01-14,소프트웨어융합대학RC행정팀(ERICA),반납,중고품,사업종료
2017-11-18,2017-11-21,badbergjr,박대리,확정,5611210224128496,작업용의자,M201700558,2017-01-17,1305000,2017-01-30,소프트웨어융합대학RC행정팀(ERICA),반납,중고품,공용전환
2018-08-04,2018-08-12,badbergjr,박대리,확정,5611210224128496,작업용의자,M201700558,2017-01-17,1305000,2017-01-30,소프트웨어융합대학RC행정팀(ERICA),반납,중고품,사업종료
2018-06-17,2018-06-22,badbergjr,박대리,확정,5611210224128496,작업용의자,M201800892,2018-03-24,1496000,2018-04-08,소프트웨어융합대학RC행정팀(ERICA),반납,신품,공용전환
2018-09-23,2018-09-28,badbergjr,박대리,확정,5611210224128496,작업용의자,M201800895,2018-03-24,1496000,2018-04-08,소프트웨어융합대학RC행정팀(ERICA),반납,중고품,사업종료
2019-07-25,2019-07-28,badbergjr,박대리,확정,5611210224128496,작업용의자,M201800895,2018-03-24,1496000,2018-04-08,경상대학RC행정팀(ERICA),반납,신품,잉여물품
2018-10-17,2018-10-22,badbergjr,박대리,확정,5611210224128496,작업용의자,M201800896,2018-03-24,1496000,2018-04-08,소프트웨어융합대학RC행정팀(ERICA),반납,신품,잉여물품
2019-03-12,2019-03-17,badbergjr,박대리,확정,5611210224128496,작업용의자,M201800898,2018-03-24,1496000,2018-04-08,소프트웨어융합대학RC행정팀(ERICA),반납,신품,잉여물품
2025-04-21,,badbergjr,박대리,대기,5611210224128496,작업용의자,M201800902,2018-03-24,1496000,2018-04-08,소프트웨어융합대학RC행정팀(ERICA),운용,신품,공용전환
2025-05-22,,badbergjr,박대리,대기,5611210224128496,작업용의자,M201800884,2018-09-06,1260000,2018-09-21,소프트웨어융합대학RC행정팀(ERICA),운용,신품,사업종료
2018-01-26,2018-02-09,badbergjr,박대리,확정,5611210224128496,작업용의자,M201700549,2017-01-17,182000,2017-01-20,소프트웨어융합대학RC행정팀(ERICA),반납,정비필요품,사업종료
2019-06-13,2019-06-24,badbergjr,박대리,확정,5611210224128496,작업용의자,M201800864,2018-05-30,1056000,2018-06-17,소프트웨어융합대학RC행정팀(ERICA),반납,중고품,공용전환
2018-08-15,2018-08-23,badbergjr,박대리,확정,5611210224128496,작업용의자,M201800868,2018-05-30,1056000,2018-06-17,소프트웨어융합대학RC행정팀(ERICA),반납,신품,공용전환
2018-10-20,2018-11-01,badbergjr,박대리,확정,5611210224128496,작업용의자,M201800856,2018-01-05,93000,2018-01-08,소프트웨어융합대학RC행정팀(ERICA),반납,중고품,사업종료
2016-04-12,2016-04-24,badbergjr,박대리,확정,5612179825616834,칠판보조장,M201500644,2015-06-01,51020000,2015-06-04,소프트웨어융합대학RC행정팀(ERICA),반납,중고품,사업종료
2016-09-10,2016-09-13,badbergjr,박대리,확정,5612179825616834,칠판보조장,M201500641,2015-11-26,49885000,2015-12-01,소프트웨어융합대학RC행정팀(ERICA),반납,중고품,공용전환
2008-06-01,2008-06-15,badbergjr,박대리,확정,5612179825616834,칠판보조장,M200700798,2007-06-09,18304000,2007-06-15,소프트웨어융합대학RC행정팀(ERICA),반납,중고품,사업종료
2016-02-10,2016-02-20,badbergjr,박대리,확정,5610150222528723,소파,M201500577,2015-05-24,3790000,2015-05-30,소프트웨어융합대학RC행정팀(ERICA),반납,중고품,사업종료
2018-08-06,2018-08-20,badbergjr,박대리,확정,5610170622575869,회의용탁자,M201800845,2018-03-19,9750000,2018-04-05,소프트웨어융합대학RC행정팀(ERICA),반납,중고품,사업종료
2018-10-07,2018-10-20,badbergjr,박대리,확정,5610170622575869,회의용탁자,M201800850,2018-03-19,9750000,2018-04-05,소프트웨어융합대학RC행정팀(ERICA),반납,중고품,공용전환
2018-01-17,2018-01-22,badbergjr,박대리,확정,5610170622575869,회의용탁자,M201600656,2016-12-26,14611000,2017-01-06,소프트웨어융합대학RC행정팀(ERICA),반납,중고품,사업종료
2020-05-29,2020-06-10,badbergjr,박대리,확정,5610170622575869,회의용탁자,M201900698,2019-07-18,1560000,2019-07-21,소프트웨어융합대학RC행정팀(ERICA),반납,중고품,사업종료
2019-03-04,2019-03-16,badbergjr,박대리,확정,5610170622575869,회의용탁자,M201900696,2019-01-31,806000,2019-02-06,소프트웨어융합대학RC행정팀(ERICA),반납,신품,사업종료
2017-08-19,2017-08-24,badbergjr,박대리,확정,5610170622575869,회의용탁자,M201700545,2017-01-09,2445000,2017-01-12,소프트웨어융합대학RC행정팀(ERICA),반납,신품,사업종료
2023-05-08,2023-05-19,badbergjr,박대리,확정,4410150325652906,다기능복사기,M202300375,2023-01-12,451000,2023-01-19,소프트웨어융합대학RC행정팀(ERICA),반납,중고품,공용전환
2019-02-22,2019-03-08,badbergjr,박대리,확정,4410150325652906,다기능복사기,M201800785,2018-04-26,424000,2018-04-29,소프트웨어융합대학RC행정팀(ERICA),반납,중고품,사업종료
2017-06-21,,badbergjr,박대리,반려,4016160225676461,공기청정기,M201700469,2017-01-06,788000,2017-01-09,소프트웨어융합대학RC행정팀(ERICA),운용,중고품,사업종료
2023-09-13,2023-09-21,badbergjr,박대리,확정,4321150324343967,노트북컴퓨터,M202200198,2022-11-26,1163000,2022-12-02,공학대학RC행정팀(ERICA),반납,중고품,사업종료
2025-12-27,,badbergjr,박대리,대기,4321150324343967,노트북컴퓨터,M202100205,2021-10-06,2108000,2021-10-13,공학대학RC행정팀(ERICA),운용,중고품,공용전환
2021-09-28,2021-10-07,badbergjr,박대리,확정,4321150324510198,노트북컴퓨터,M202100235,2021-03-03,5676000,2021-03-15,공학대학RC행정팀(ERICA),반납,신품,사업종료
2022-06-26,2022-07-08,badbergjr,박대리,확정,4321150324510198,노트북컴퓨터,M202100251,2021-12-03,7476000,2021-12-14,공학대학RC행정팀(ERICA),반납,중고품,공용전환
2025-04-11,,badbergjr,박대리,대기,4321190224407366,액정모니터,M202200211,2022-05-27,1548000,2022-06-03,공학대학RC행정팀(ERICA),운용,중고품,사업종료
2018-08-04,2018-08-08,badbergjr,박대리,확정,4322330822060848,네트워크시스템장비용랙,M201800681,2018-01-05,3460000,2018-01-11,공학대학RC행정팀(ERICA),반납,신품,잉여물품
2010-02-10,2010-02-24,badbergjr,박대리,확정,4322330822060848,네트워크시스템장비용랙,M200900728,2009-05-06,3416000,2009-05-11,공학대학RC행정팀(ERICA),반납,중고품,사업종료
2025-07-23,,badbergjr,박대리,대기,4322330822060848,네트워크시스템장비용랙,M201900582,2019-06-24,3444000,2019-07-01,공학대학RC행정팀(ERICA),운용,중고품,공용전환
2019-12-08,2019-12-22,badbergjr,박대리,확정,4322330822060848,네트워크시스템장비용랙,M201900585,2019-06-24,3444000,2019-07-01,공학대학RC행정팀(ERICA),반납,중고품,공용전환
2025-08-22,,badbergjr,박대리,대기,5610170325114372,책상,M201500476,2015-04-09,17379000,2015-04-16,공학대학RC행정팀(ERICA),운용,신품,잉여물품
2025-11-23,,badbergjr,박대리,대기,5610170325114372,책상,M201500478,2015-04-09,17379000,2015-04-16,공학대학RC행정팀(ERICA),운용,중고품,공용전환
2017-05-21,2017-05-31,badbergjr,박대리,확정,5610170325114372,책상,M201600522,2016-06-07,53690000,2016-06-26,공학대학RC행정팀(ERICA),반납,중고품,공용전환
2016-08-25,2016-08-28,badbergjr,박대리,확정,5610170325114372,책상,M201600526,2016-06-07,53690000,2016-06-26,공학대학RC행정팀(ERICA),반납,중고품,사업종료
2017-03-17,2017-03-31,badbergjr,박대리,확정,5610170325114372,책상,M201600527,2016-06-07,53690000,2016-06-26,공학대학RC행정팀(ERICA),반납,중고품,공용전환
2019-03-18,2019-03-30,badbergjr,박대리,확정,5610170325114372,책상,M201900593,2019-01-28,79215000,2019-02-08,공학대학RC행정팀(ERICA),반납,중고품,사업종료
2025-09-29,,badbergjr,박대리,대기,5610170325114372,책상,M201900594,2019-01-28,79215000,2019-02-08,공학대학RC행정팀(ERICA),운용,중고품,공용전환
2019-11-10,2019-11-19,badbergjr,박대리,확정,5610170325114372,책상,M201900601,2019-01-28,79215000,2019-02-08,공학대학RC행정팀(ERICA),반납,중고품,공용전환
2014-07-22,,badbergjr,박대리,반려,5610170325114372,책상,M201400489,2014-03-20,61776000,2014-04-04,공학대학RC행정팀(ERICA),운용,신품,잉여물품
2008-07-15,2008-07-18,badbergjr,박대리,확정,5610170325114372,책상,M200700651,2007-08-06,16020000,2007-08-13,공학대학RC행정팀(ERICA),반납,신품,잉여물품
2017-11-29,2017-12-04,badbergjr,박대리,확정,5611210224128496,작업용의자,M201700439,2017-02-04,1079000,2017-02-16,공학대학RC행정팀(ERICA),반납,신품,사업종료
2017-08-28,2017-09-05,badbergjr,박대리,확정,5611210224128496,작업용의자,M201700447,2017-02-04,1079000,2017-02-16,공학대학RC행정팀(ERICA),반납,신품,사업종료
2017-11-25,2017-12-05,badbergjr,박대리,확정,5611210224128496,작업용의자,M201700434,2017-05-03,850000,2017-05-19,공학대학RC행정팀(ERICA),반납,중고품,사업종료
2018-07-16,2018-07-20,badbergjr,박대리,확정,5611210224128496,작업용의자,M201700456,2017-10-28,1260000,2017-11-08,공학대학RC행정팀(ERICA),반납,신품,잉여물품
2025-03-04,,badbergjr,박대리,대기,5612179825616834,칠판보조장,M200800727,2008-03-23,46460000,2008-03-30,공학대학RC행정팀(ERICA),운용,중고품,공용전환
2017-06-23,2017-06-27,badbergjr,박대리,확정,5612179825616834,칠판보조장,M201600544,2016-07-04,49630000,2016-07-11,공학대학RC행정팀(ERICA),반납,중고품,공용전환
2016-11-14,2016-11-18,badbergjr,박대리,확정,5612179825616834,칠판보조장,M201600545,2016-07-04,49630000,2016-07-11,공학대학RC행정팀(ERICA),반납,중고품,사업종료
2025-01-27,,badbergjr,박대리,대기,5612179825616834,칠판보조장,M201600538,2016-07-18,29343000,2016-07-22,공학대학RC행정팀(ERICA),운용,중고품,사업종료
2025-05-31,2025-06-07,badbergjr,박대리,확정,5610150222528723,소파,M202500497,2025-05-01,4065000,2025-05-06,공학대학RC행정팀(ERICA),반납,신품,사업종료
2025-03-19,,badbergjr,박대리,대기,5610150222528723,소파,M201500472,2015-10-27,3560000,2015-10-30,공학대학RC행정팀(ERICA),운용,신품,잉여물품
2018-02-13,2018-02-21,badbergjr,박대리,확정,5610150222528723,소파,M201700420,2017-08-12,1508000,2017-08-15,공학대학RC행정팀(ERICA),반납,중고품,사업종료
2018-07-18,2018-07-25,badbergjr,박대리,확정,5610170622575869,회의용탁자,M201800695,2018-04-02,2430000,2018-04-09,공학대학RC행정팀(ERICA),반납,중고품,사업종료
2020-11-04,2020-11-11,badbergjr,박대리,확정,5610170622575869,회의용탁자,M201900610,2019-11-02,12576000,2019-11-16,공학대학RC행정팀(ERICA),반납,중고품,사업종료
2020-07-31,,badbergjr,박대리,반려,5610170622575869,회의용탁자,M201900616,2019-11-02,12576000,2019-11-16,공학대학RC행정팀(ERICA),운용,신품,공용전환
2020-04-23,2020-05-03,badbergjr,박대리,확정,5610170622575869,회의용탁자,M201900618,2019-11-02,12576000,2019-11-16,공학대학RC행정팀(ERICA),반납,중고품,사업종료
2020-02-15,2020-02-29,badbergjr,박대리,확정,5610170622575869,회의용탁자,M201900620,2019-11-02,12576000,2019-11-16,공학대학RC행정팀(ERICA),반납,중고품,사업종료
2020-07-01,2020-07-14,badbergjr,박대리,확정,5610170622575869,회의용탁자,M201900622,2019-11-02,12576000,2019-11-16,공학대학RC행정팀(ERICA),반납,중고품,공용전환
2019-01-10,2019-01-17,badbergjr,박대리,확정,5610170622575869,회의용탁자,M201800702,2018-03-02,9672000,2018-03-09,공학대학RC행정팀(ERICA),반납,정비필요품,사업종료
2020-10-16,2020-10-22,badbergjr,박대리,확정,5610170622575869,회의용탁자,M201900605,2019-11-06,1536000,2019-11-13,공학대학RC행정팀(ERICA),반납,중고품,사업종료
2017-10-20,,badbergjr,박대리,반려,4512150425468676,디지털카메라,M201700418,2017-01-31,2884000,2017-02-06,공학대학RC행정팀(ERICA),운용,신품,잉여물품
2017-12-22,2017-12-31,badbergjr,박대리,확정,5612200222443915,실험실용보관장또는보조용품,M201700467,2017-01-25,470000,2017-01-31,공학대학RC행정팀(ERICA),반납,정비필요품,사업종료
2022-05-19,2022-05-28,badbergjr,박대리,확정,5612200222443915,실험실용보관장또는보조용품,M202100281,2021-08-11,726000,2021-08-14,공학대학RC행정팀(ERICA),반납,신품,사업종료
2022-05-25,2022-06-03,badbergjr,박대리,확정,4321150324343967,노트북컴퓨터,M202200356,2022-01-16,12168000,2022-01-25,경상대학RC행정팀(ERICA),반납,신품,사업종료
2016-06-14,2016-06-23,badbergjr,박대리,확정,5610170325114372,책상,M201500703,2015-10-01,63204000,2015-10-15,경상대학RC행정팀(ERICA),반납,중고품,사업종료
2016-05-06,2016-05-14,badbergjr,박대리,확정,5610170325114372,책상,M201500705,2015-10-01,63204000,2015-10-15,경상대학RC행정팀(ERICA),반납,중고품,사업종료
2016-06-19,2016-07-02,badbergjr,박대리,확정,5610170325114372,책상,M201500712,2015-10-01,63204000,2015-10-15,경상대학RC행정팀(ERICA),반납,중고품,사업종료
2009-07-17,2009-07-23,badbergjr,박대리,확정,5610170325114372,책상,M200901151,2009-03-18,85680000,2009-03-29,경상대학RC행정팀(ERICA),반납,중고품,사업종료
2019-05-25,2019-06-08,badbergjr,박대리,확정,5610170325114372,책상,M201800990,2018-05-02,95625000,2018-05-16,경상대학RC행정팀(ERICA),반납,신품,사업종료
2019-03-27,,badbergjr,박대리,반려,5610170325114372,책상,M201800994,2018-05-02,95625000,2018-05-16,경상대학RC행정팀(ERICA),운용,중고품,사업종료
2006-10-22,2006-11-04,badbergjr,박대리,확정,5610170325114372,책상,M200601043,2006-01-03,74774000,2006-01-18,경상대학RC행정팀(ERICA),반납,신품,사업종료
2016-10-04,2016-10-18,badbergjr,박대리,확정,5610170325114372,책상,M201600816,2016-04-14,75124000,2016-04-29,경상대학RC행정팀(ERICA),반납,신품,잉여물품
2016-11-10,2016-11-18,badbergjr,박대리,확정,5610170325114372,책상,M201600817,2016-04-14,75124000,2016-04-29,경상대학RC행정팀(ERICA),반납,중고품,사업종료
2025-01-24,,badbergjr,박대리,대기,5610170325114372,책상,M201600819,2016-04-14,75124000,2016-04-29,경상대학RC행정팀(ERICA),운용,신품,잉여물품
2017-04-19,2017-05-01,badbergjr,박대리,확정,5610170325114372,책상,M201600821,2016-04-14,75124000,2016-04-29,경상대학RC행정팀(ERICA),반납,중고품,사업종료
2017-03-23,2017-03-29,badbergjr,박대리,확정,5610170325114372,책상,M201600822,2016-04-14,75124000,2016-04-29,경상대학RC행정팀(ERICA),반납,신품,사업종료
2008-11-11,2008-11-16,badbergjr,박대리,확정,5610170325114372,책상,M200800964,2008-08-10,16962000,2008-08-14,경상대학RC행정팀(ERICA),반납,중고품,사업종료
2019-05-27,2019-06-07,badbergjr,박대리,확정,5610170325114372,책상,M201800975,2018-05-11,11692000,2018-05-17,경상대학RC행정팀(ERICA),반납,중고품,공용전환
2017-10-12,2017-10-20,badbergjr,박대리,확정,5610170325114372,책상,M201600811,2016-11-13,16791000,2016-11-20,경상대학RC행정팀(ERICA),반납,신품,잉여물품
2026-01-14,,badbergjr,박대리,대기,5610170325114372,책상,M201600813,2016-11-13,16791000,2016-11-20,경상대학RC행정팀(ERICA),운용,신품,사업종료
2026-01-01,,badbergjr,박대리,대기,5611210224128496,작업용의자,M201700657,2017-06-16,1305000,2017-07-03,경상대학RC행정팀(ERICA),운용,중고품,사업종료
2019-01-31,2019-02-08,badbergjr,박대리,확정,5611210224128496,작업용의자,M201801010,2018-02-17,267000,2018-02-20,경상대학RC행정팀(ERICA),반납,정비필요품,사업종료
2024-11-25,,badbergjr,박대리,대기,4411191125460962,인터랙티브화이트보드및액세서리,M202000504,2020-01-24,46216000,2020-01-27,경상대학RC행정팀(ERICA),운용,신품,사업종료
2017-12-04,2017-12-17,badbergjr,박대리,확정,5610150222528723,소파,M201700647,2017-09-18,3028000,2017-09-24,경상대학RC행정팀(ERICA),반납,신품,공용전환
2017-02-23,2017-03-03,badbergjr,박대리,확정,5610170622575869,회의용탁자,M201600838,2016-11-29,8272000,2016-12-13,경상대학RC행정팀(ERICA),반납,중고품,사업종료
2019-03-19,2019-03-22,badbergjr,박대리,확정,5610170622575869,회의용탁자,M201800998,2018-08-12,1646000,2018-08-17,경상대학RC행정팀(ERICA),반납,중고품,공용전환
2026-01-09,2026-01-14,badbergjr,박대리,확정,5610170622575869,회의용탁자,M202500712,2025-12-10,14900000,2025-12-23,경상대학RC행정팀(ERICA),반납,중고품,사업종료
2023-02-16,2023-02-27,badbergjr,박대리,확정,4321150724158946,데스크톱컴퓨터,M202200330,2022-10-28,10160000,2022-11-06,글로벌문화통상대학RC행정팀(ERICA),반납,신품,사업종료
2022-08-05,2022-08-09,badbergjr,박대리,확정,4321150724158946,데스크톱컴퓨터,M202100349,2021-09-29,1581000,2021-10-06,글로벌문화통상대학RC행정팀(ERICA),반납,중고품,사업종료
2025-01-15,,badbergjr,박대리,대기,4321190224407366,액정모니터,M201800925,2018-12-31,8802000,2019-01-13,글로벌문화통상대학RC행정팀(ERICA),운용,신품,잉여물품
2019-09-27,2019-10-09,badbergjr,박대리,확정,4321190224407366,액정모니터,M201800930,2018-12-31,8802000,2019-01-13,글로벌문화통상대학RC행정팀(ERICA),반납,중고품,사업종료
2019-04-13,2019-04-18,badbergjr,박대리,확정,4322330822060848,네트워크시스템장비용랙,M201800941,2018-06-18,1736000,2018-06-21,글로벌문화통상대학RC행정팀(ERICA),반납,중고품,사업종료
2016-07-02,2016-07-16,badbergjr,박대리,확정,5610170325114372,책상,M201600724,2016-03-05,108000000,2016-03-16,글로벌문화통상대학RC행정팀(ERICA),반납,정비필요품,사업종료
2026-01-21,,badbergjr,박대리,대기,5610170325114372,책상,M202500625,2025-11-20,109700000,2025-12-07,글로벌문화통상대학RC행정팀(ERICA),운용,신품,잉여물품
2020-04-26,2020-05-07,badbergjr,박대리,확정,5610170325114372,책상,M201900714,2019-07-30,17418000,2019-08-05,글로벌문화통상대학RC행정팀(ERICA),반납,중고품,공용전환
2019-01-30,2019-02-04,badbergjr,박대리,확정,5610170325114372,책상,M201800943,2018-10-29,11220000,2018-11-03,글로벌문화통상대학RC행정팀(ERICA),반납,신품,잉여물품
2017-12-14,2017-12-21,badbergjr,박대리,확정,5610170325114372,책상,M201700593,2017-10-17,11642000,2017-10-22,글로벌문화통상대학RC행정팀(ERICA),반납,중고품,사업종료
2018-10-21,2018-10-28,badbergjr,박대리,확정,5610170325114372,책상,M201700595,2017-11-07,11948000,2017-11-14,글로벌문화통상대학RC행정팀(ERICA),반납,중고품,사업종료
2025-12-19,,badbergjr,박대리,대기,5611210224128496,작업용의자,M201800955,2018-08-30,186000,2018-09-03,글로벌문화통상대학RC행정팀(ERICA),운용,신품,사업종료
2016-11-23,2016-12-03,badbergjr,박대리,확정,5611210224128496,작업용의자,M201600768,2016-01-15,972000,2016-02-01,글로벌문화통상대학RC행정팀(ERICA),반납,신품,사업종료
2016-07-20,2016-08-01,badbergjr,박대리,확정,5611210224128496,작업용의자,M201600770,2016-01-15,972000,2016-02-01,글로벌문화통상대학RC행정팀(ERICA),반납,신품,사업종료
2016-04-11,2016-04-17,badbergjr,박대리,확정,5611210224128496,작업용의자,M201600778,2016-01-15,972000,2016-02-01,글로벌문화통상대학RC행정팀(ERICA),반납,중고품,공용전환
2018-04-28,2018-05-09,badbergjr,박대리,확정,5611210224128496,작업용의자,M201700626,2017-04-05,1275000,2017-04-20,글로벌문화통상대학RC행정팀(ERICA),반납,중고품,공용전환
2017-07-22,2017-07-25,badbergjr,박대리,확정,5611210224128496,작업용의자,M201700611,2017-02-27,172000,2017-03-02,글로벌문화통상대학RC행정팀(ERICA),반납,중고품,사업종료
2009-03-18,2009-03-25,badbergjr,박대리,확정,5612179825616834,칠판보조장,M200800931,2008-05-13,29112000,2008-05-20,글로벌문화통상대학RC행정팀(ERICA),반납,신품,사업종료
2017-01-13,2017-01-25,badbergjr,박대리,확정,5612179825616834,칠판보조장,M201600782,2016-06-30,30786000,2016-07-05,글로벌문화통상대학RC행정팀(ERICA),반납,신품,사업종료
2006-07-26,2006-07-31,badbergjr,박대리,확정,5612179825616834,칠판보조장,M200600978,2006-04-16,19816000,2006-04-19,글로벌문화통상대학RC행정팀(ERICA),반납,중고품,사업종료
2022-12-22,2022-12-27,badbergjr,박대리,확정,5612179825616834,칠판보조장,M202200347,2022-12-07,20796000,2022-12-11,글로벌문화통상대학RC행정팀(ERICA),반납,중고품,공용전환
2017-11-22,2017-12-06,badbergjr,박대리,확정,5610150222528723,소파,M201700588,2017-06-27,729000,2017-07-01,글로벌문화통상대학RC행정팀(ERICA),반납,중고품,사업종료
2015-05-07,2015-05-15,badbergjr,박대리,확정,5610150222528723,소파,M201400558,2014-08-19,3685000,2014-08-25,글로벌문화통상대학RC행정팀(ERICA),반납,신품,사업종료
2014-09-15,2014-09-26,badbergjr,박대리,확정,5610150222528723,소파,M201400561,2014-08-19,3685000,2014-08-25,글로벌문화통상대학RC행정팀(ERICA),반납,중고품,공용전환
2017-11-05,2017-11-12,badbergjr,박대리,확정,5610170622575869,회의용탁자,M201700609,2017-07-25,9490000,2017-08-11,글로벌문화통상대학RC행정팀(ERICA),반납,신품,잉여물품
2025-05-21,,badbergjr,박대리,대기,5610170622575869,회의용탁자,M201700609,2017-07-25,9490000,2017-08-11,글로벌문화통상대학RC행정팀(ERICA),운용,중고품,사업종료
2025-02-17,,badbergjr,박대리,대기,5610170622575869,회의용탁자,M201400564,2014-11-21,7730000,2014-12-08,글로벌문화통상대학RC행정팀(ERICA),운용,중고품,사업종료
2024-11-27,2024-12-03,badbergjr,박대리,확정,4321150724355228,데스크톱컴퓨터,M202400128,2024-10-07,2662000,2024-10-14,시설팀(ERICA),반납,신품,사업종료
2020-12-13,2020-12-19,badbergjr,박대리,확정,4321150724158946,데스크톱컴퓨터,M201900179,2019-11-25,6253000,2019-12-07,시설팀(ERICA),반납,중고품,사업종료
2022-02-23,2022-03-09,badbergjr,박대리,확정,4320180323809899,하드디스크드라이브,M202100091,2021-09-12,16212000,2021-09-18,시설팀(ERICA),반납,신품,사업종료
2025-08-05,,badbergjr,박대리,대기,5610170325114372,책상,M201600180,2016-02-27,94418000,2016-03-17,시설팀(ERICA),운용,신품,공용전환
2025-12-07,,badbergjr,박대리,대기,5610170325114372,책상,M201600183,2016-02-27,94418000,2016-03-17,시설팀(ERICA),운용,중고품,사업종료
2016-12-19,2016-12-31,badbergjr,박대리,확정,5610170325114372,책상,M201600184,2016-02-27,94418000,2016-03-17,시설팀(ERICA),반납,신품,사업종료
2019-02-19,2019-02-26,badbergjr,박대리,확정,5610170325114372,책상,M201900219,2019-01-01,17262000,2019-01-08,시설팀(ERICA),반납,신품,사업종료
2025-01-04,,badbergjr,박대리,대기,5611210224128496,작업용의자,M201700172,2017-06-11,258000,2017-06-15,시설팀(ERICA),운용,중고품,사업종료
2017-01-31,2017-02-09,badbergjr,박대리,확정,5611210224128496,작업용의자,M201600188,2016-04-09,1577000,2016-04-23,시설팀(ERICA),반납,신품,사업종료
2017-01-30,2017-02-02,badbergjr,박대리,확정,5611210224128496,작업용의자,M201600198,2016-04-09,1577000,2016-04-23,시설팀(ERICA),반납,중고품,사업종료
2015-02-03,2015-02-11,badbergjr,박대리,확정,5612179825616834,칠판보조장,M201400217,2014-05-26,51625000,2014-05-31,시설팀(ERICA),반납,신품,공용전환
2025-08-14,,badbergjr,박대리,대기,5612179825616834,칠판보조장,M202100106,2021-05-28,49190000,2021-06-01,시설팀(ERICA),운용,신품,사업종료
2020-11-15,,badbergjr,박대리,반려,5612179825616834,칠판보조장,M202000143,2020-07-15,20978000,2020-07-22,시설팀(ERICA),운용,중고품,사업종료
2024-12-15,,badbergjr,박대리,대기,5610150222528723,소파,M201600166,2016-06-08,1522000,2016-06-14,시설팀(ERICA),운용,중고품,공용전환
2019-06-21,2019-07-01,badbergjr,박대리,확정,5610150222528723,소파,M201800205,2018-10-02,2932000,2018-10-08,시설팀(ERICA),반납,중고품,사업종료
2019-03-04,2019-03-07,badbergjr,박대리,확정,5610150222528723,소파,M201800207,2018-10-02,2932000,2018-10-08,시설팀(ERICA),반납,신품,공용전환
2019-03-18,2019-03-26,badbergjr,박대리,확정,5610170622575869,회의용탁자,M201800218,2018-09-30,14725000,2018-10-14,시설팀(ERICA),반납,중고품,공용전환
2019-05-07,2019-05-20,badbergjr,박대리,확정,5610170622575869,회의용탁자,M201800219,2018-09-30,14725000,2018-10-14,시설팀(ERICA),반납,신품,사업종료
2019-06-26,2019-07-05,badbergjr,박대리,확정,5610170622575869,회의용탁자,M201800229,2018-09-30,14725000,2018-10-14,시설팀(ERICA),반납,중고품,사업종료
2025-10-16,,badbergjr,박대리,대기,5610170622575869,회의용탁자,M201800229,2018-09-30,14725000,2018-10-14,시설팀(ERICA),운용,신품,잉여물품
2019-06-14,2019-06-26,badbergjr,박대리,확정,5610170622575869,회의용탁자,M201800232,2018-09-30,14725000,2018-10-14,시설팀(ERICA),반납,중고품,사업종료
2017-01-05,2017-01-08,badbergjr,박대리,확정,4016160225676461,공기청정기,M201600160,2016-01-27,793000,2016-02-02,시설팀(ERICA),반납,신품,잉여물품
2021-07-06,2021-07-16,badbergjr,박대리,확정,4321150724355228,데스크톱컴퓨터,M202000119,2020-10-25,7647000,2020-10-28,학생지원팀(ERICA),반납,중고품,사업종료
2025-04-02,2025-04-08,badbergjr,박대리,확정,4321150724158946,데스크톱컴퓨터,M202500099,2025-02-04,5964000,2025-02-17,학생지원팀(ERICA),반납,중고품,공용전환
2021-09-14,2021-09-20,badbergjr,박대리,확정,4321210523858386,레이저프린터,M202100088,2021-04-02,3218000,2021-04-05,학생지원팀(ERICA),반납,신품,잉여물품
2020-04-20,2020-04-25,badbergjr,박대리,확정,4322330822060848,네트워크시스템장비용랙,M201900084,2019-12-24,1762000,2019-12-31,학생지원팀(ERICA),반납,정비필요품,사업종료
2017-02-08,2017-02-12,badbergjr,박대리,확정,5610170325114372,책상,M201600131,2016-09-22,5797000,2016-09-27,학생지원팀(ERICA),반납,정비필요품,사업종료
2009-06-08,2009-06-18,badbergjr,박대리,확정,5610170325114372,책상,M200900165,2009-04-25,63960000,2009-05-08,학생지원팀(ERICA),반납,신품,사업종료
2020-05-23,2020-05-26,badbergjr,박대리,확정,5610170325114372,책상,M201900089,2019-08-30,68016000,2019-09-10,학생지원팀(ERICA),반납,신품,사업종료
2020-06-09,2020-06-17,badbergjr,박대리,확정,5610170325114372,책상,M201900092,2019-08-30,68016000,2019-09-10,학생지원팀(ERICA),반납,신품,사업종료
2020-04-12,,badbergjr,박대리,반려,5610170325114372,책상,M201900094,2019-08-30,68016000,2019-09-10,학생지원팀(ERICA),운용,중고품,사업종료
2020-08-19,2020-08-25,badbergjr,박대리,확정,5610170325114372,책상,M201900095,2019-08-30,68016000,2019-09-10,학생지원팀(ERICA),반납,신품,공용전환
2025-09-18,,badbergjr,박대리,대기,5610170325114372,책상,M201900100,2019-08-30,68016000,2019-09-10,학생지원팀(ERICA),운용,중고품,공용전환
2025-08-20,,badbergjr,박대리,대기,5610170325114372,책상,M200900175,2009-03-19,84928000,2009-04-02,학생지원팀(ERICA),운용,정비필요품,사업종료
2020-11-12,2020-11-21,badbergjr,박대리,확정,5610170325114372,책상,M201900107,2019-10-29,91392000,2019-11-07,학생지원팀(ERICA),반납,중고품,사업종료
2020-11-11,2020-11-20,badbergjr,박대리,확정,5610170325114372,책상,M201900111,2019-10-29,91392000,2019-11-07,학생지원팀(ERICA),반납,신품,사업종료
2020-07-17,2020-07-20,badbergjr,박대리,확정,5610170325114372,책상,M201900116,2019-10-29,91392000,2019-11-07,학생지원팀(ERICA),반납,중고품,공용전환
2018-09-09,2018-09-22,badbergjr,박대리,확정,5610170325114372,책상,M201700119,2017-11-29,16578000,2017-12-02,학생지원팀(ERICA),반납,신품,잉여물품
2019-05-21,2019-05-25,badbergjr,박대리,확정,5610170325114372,책상,M201900088,2019-03-01,6081000,2019-03-04,학생지원팀(ERICA),반납,신품,사업종료
2019-08-21,2019-08-31,badbergjr,박대리,확정,5610170325114372,책상,M201900088,2019-03-01,6081000,2019-03-04,시설팀(ERICA),반납,중고품,공용전환
2025-01-27,,badbergjr,박대리,대기,5610170325114372,책상,M201800170,2018-04-03,89369000,2018-04-22,학생지원팀(ERICA),운용,신품,잉여물품
2018-11-28,2018-12-05,badbergjr,박대리,확정,5610170325114372,책상,M201800173,2018-04-03,89369000,2018-04-22,학생지원팀(ERICA),반납,신품,사업종료
2018-09-03,2018-09-15,badbergjr,박대리,확정,5610170325114372,책상,M201800177,2018-04-03,89369000,2018-04-22,학생지원팀(ERICA),반납,신품,공용전환
2018-08-30,2018-09-09,badbergjr,박대리,확정,5610170325114372,책상,M201800179,2018-04-03,89369000,2018-04-22,학생지원팀(ERICA),반납,중고품,사업종료
2025-01-10,,badbergjr,박대리,대기,5611210224128496,작업용의자,M202400113,2024-04-10,1131000,2024-04-25,학생지원팀(ERICA),운용,중고품,공용전환
2018-01-24,2018-02-01,badbergjr,박대리,확정,5611210224128496,작업용의자,M201600155,2016-12-27,1275000,2017-01-13,학생지원팀(ERICA),반납,중고품,공용전환
2018-10-03,2018-10-13,badbergjr,박대리,확정,5611210224128496,작업용의자,M201600155,2016-12-27,1275000,2017-01-13,소프트웨어융합대학RC행정팀(ERICA),반납,신품,공용전환
2025-08-16,2025-08-21,badbergjr,박대리,확정,5611210224128496,작업용의자,M202500121,2025-06-29,1365000,2025-07-12,학생지원팀(ERICA),반납,중고품,사업종료
2017-12-07,2017-12-11,badbergjr,박대리,확정,5612179825616834,칠판보조장,M201700133,2017-07-22,48870000,2017-07-29,학생지원팀(ERICA),반납,중고품,사업종료
2018-03-28,2018-04-09,badbergjr,박대리,확정,5612179825616834,칠판보조장,M201700124,2017-08-12,28800000,2017-08-18,학생지원팀(ERICA),반납,중고품,사업종료
2019-09-01,,badbergjr,박대리,반려,5610170622575869,회의용탁자,M201900138,2019-01-16,14880000,2019-01-31,학생지원팀(ERICA),운용,신품,잉여물품
2020-03-30,2020-04-06,badbergjr,박대리,확정,5610170622575869,회의용탁자,M201900127,2019-04-02,10570000,2019-04-10,학생지원팀(ERICA),반납,중고품,공용전환
2022-04-22,2022-04-27,badbergjr,박대리,확정,4321150324510198,노트북컴퓨터,M202200002,2022-01-08,1563000,2022-01-13,학생지원팀(서울),반납,중고품,사업종료
2021-10-07,2021-10-13,badbergjr,박대리,확정,4321150724355228,데스크톱컴퓨터,M202000026,2020-11-23,37504000,2020-12-12,학생지원팀(서울),반납,신품,잉여물품
2021-08-17,2021-08-21,badbergjr,박대리,확정,4321150724355228,데스크톱컴퓨터,M202000027,2020-11-23,37504000,2020-12-12,학생지원팀(서울),반납,중고품,사업종료
2021-12-25,2022-01-02,badbergjr,박대리,확정,4321150724355228,데스크톱컴퓨터,M202000030,2020-11-23,37504000,2020-12-12,학생지원팀(서울),반납,신품,사업종료
2021-01-23,2021-02-01,badbergjr,박대리,확정,4321150724355228,데스크톱컴퓨터,M202000035,2020-11-23,37504000,2020-12-12,학생지원팀(서울),반납,중고품,사업종료
2021-09-15,,badbergjr,박대리,반려,4321190224407366,액정모니터,M202100053,2021-08-12,8854000,2021-08-22,학생지원팀(서울),운용,중고품,사업종료
2022-08-14,2022-08-20,badbergjr,박대리,확정,4321190224407366,액정모니터,M202100060,2021-08-12,8854000,2021-08-22,학생지원팀(서울),반납,신품,사업종료
2025-02-08,,badbergjr,박대리,대기,5610170325114372,책상,M201400081,2014-09-30,11322000,2014-10-06,학생지원팀(서울),운용,신품,사업종료
2018-12-20,,badbergjr,박대리,반려,5610170325114372,책상,M201800026,2018-07-30,5532000,2018-08-04,학생지원팀(서울),운용,신품,잉여물품
2017-05-21,2017-05-29,badbergjr,박대리,확정,5610170325114372,책상,M201700013,2017-01-29,106500000,2017-02-16,학생지원팀(서울),반납,중고품,사업종료
2017-11-20,2017-12-03,badbergjr,박대리,확정,5610170325114372,책상,M201700027,2017-01-29,106500000,2017-02-16,학생지원팀(서울),반납,중고품,사업종료
2020-11-12,2020-11-23,badbergjr,박대리,확정,5610170325114372,책상,M202000042,2020-01-12,93925000,2020-01-30,학생지원팀(서울),반납,중고품,공용전환
2020-12-06,2020-12-10,badbergjr,박대리,확정,5610170325114372,책상,M202000043,2020-01-12,93925000,2020-01-30,학생지원팀(서울),반납,신품,사업종료
2020-07-15,2020-07-26,badbergjr,박대리,확정,5610170325114372,책상,M202000051,2020-01-12,93925000,2020-01-30,학생지원팀(서울),반납,신품,공용전환
2020-04-11,2020-04-16,badbergjr,박대리,확정,5610170325114372,책상,M202000052,2020-01-12,93925000,2020-01-30,학생지원팀(서울),반납,중고품,사업종료
2020-07-08,2020-07-18,badbergjr,박대리,확정,5610170325114372,책상,M202000052,2020-01-12,93925000,2020-01-30,공학대학RC행정팀(ERICA),반납,신품,사업종료
2015-12-21,2016-01-03,badbergjr,박대리,확정,5610170325114372,책상,M201500022,2015-11-01,5473000,2015-11-07,학생지원팀(서울),반납,신품,사업종료
2019-08-01,2019-08-14,badbergjr,박대리,확정,5610170325114372,책상,M201800031,2018-08-09,62161000,2018-08-24,학생지원팀(서울),반납,정비필요품,사업종료
2017-07-30,2017-08-12,badbergjr,박대리,확정,5610170325114372,책상,M201600025,2016-10-16,5458000,2016-10-23,학생지원팀(서울),반납,신품,사업종료
2015-08-06,2015-08-17,badbergjr,박대리,확정,5610170325114372,책상,M201500033,2015-02-03,60456000,2015-02-22,학생지원팀(서울),반납,중고품,공용전환
2019-01-07,2019-01-16,badbergjr,박대리,확정,5611210224128496,작업용의자,M201800043,2018-02-07,273000,2018-02-10,학생지원팀(서울),반납,신품,잉여물품
2013-12-02,2013-12-12,badbergjr,박대리,확정,5611210224128496,작업용의자,M201300033,2013-09-03,936000,2013-09-15,학생지원팀(서울),반납,신품,잉여물품
2023-01-31,2023-02-06,badbergjr,박대리,확정,5611210224128496,작업용의자,M202200012,2022-09-10,996000,2022-09-22,학생지원팀(서울),반납,중고품,사업종료
2019-02-08,2019-02-13,badbergjr,박대리,확정,5611210224128496,작업용의자,M201800052,2018-08-16,1215000,2018-08-25,학생지원팀(서울),반납,중고품,공용전환
2016-10-27,2016-11-01,badbergjr,박대리,확정,5611210224128496,작업용의자,M201600049,2016-03-08,1218000,2016-03-16,학생지원팀(서울),반납,중고품,사업종료
2017-08-01,2017-08-08,badbergjr,박대리,확정,5611210224128496,작업용의자,M201600049,2016-03-08,1218000,2016-03-16,학생지원팀(ERICA),반납,중고품,사업종료
2018-02-26,2018-03-03,badbergjr,박대리,확정,5611210824917370,책상용콤비의자,M201700056,2017-02-21,424000,2017-02-28,학생지원팀(서울),반납,중고품,사업종료
2013-12-05,2013-12-09,badbergjr,박대리,확정,5612179825616834,칠판보조장,M201300040,2013-09-02,29652000,2013-09-06,학생지원팀(서울),반납,중고품,사업종료
2021-11-13,2021-11-21,badbergjr,박대리,확정,4411191125460962,인터랙티브화이트보드및액세서리,M202100064,2021-01-18,49384000,2021-01-25,학생지원팀(서울),반납,정비필요품,사업종료
2023-02-18,2023-02-25,badbergjr,박대리,확정,5610150222528723,소파,M202300030,2023-01-28,3076000,2023-02-04,학생지원팀(서울),반납,신품,공용전환
2016-09-06,2016-09-16,badbergjr,박대리,확정,5610150222528723,소파,M201500019,2015-10-10,1506000,2015-10-15,학생지원팀(서울),반납,신품,사업종료
2017-10-16,2017-10-20,badbergjr,박대리,확정,5610170622575869,회의용탁자,M201700048,2017-03-10,12144000,2017-03-20,학생지원팀(서울),반납,중고품,공용전환
2019-05-27,2019-06-07,badbergjr,박대리,확정,4321150724355228,데스크톱컴퓨터,M201800086,2018-11-24,25110000,2018-12-01,커리어개발팀(서울),반납,중고품,공용전환
2026-01-07,,badbergjr,박대리,대기,4321190224407366,액정모니터,M202100079,2021-02-02,986000,2021-02-08,커리어개발팀(서울),운용,신품,사업종료
2023-07-14,2023-07-28,badbergjr,박대리,확정,4321190224407366,액정모니터,M202300049,2023-06-04,9044000,2023-06-18,커리어개발팀(서울),반납,중고품,사업종료
2020-03-02,2020-03-06,badbergjr,박대리,확정,4321171124204348,스캐너,M201900017,2019-10-19,5103000,2019-10-24,커리어개발팀(서울),반납,중고품,사업종료
2019-01-09,2019-01-13,badbergjr,박대리,확정,5610170325114372,책상,M201800104,2018-11-21,62755000,2018-11-28,커리어개발팀(서울),반납,정비필요품,사업종료
2019-06-11,2019-06-15,badbergjr,박대리,확정,5610170325114372,책상,M201800106,2018-11-21,62755000,2018-11-28,커리어개발팀(서울),반납,중고품,사업종료
2025-10-09,,badbergjr,박대리,대기,5610170325114372,책상,M201900030,2019-09-11,81150000,2019-09-21,커리어개발팀(서울),운용,신품,사업종료
2020-01-12,2020-01-15,badbergjr,박대리,확정,5610170325114372,책상,M201900036,2019-09-11,81150000,2019-09-21,커리어개발팀(서울),반납,중고품,공용전환
2015-06-07,2015-06-20,badbergjr,박대리,확정,5610170325114372,책상,M201400126,2014-10-08,11580000,2014-10-11,커리어개발팀(서울),반납,신품,잉여물품
2017-11-01,2017-11-13,badbergjr,박대리,확정,5610170325114372,책상,M201700092,2017-02-05,52070000,2017-02-13,커리어개발팀(서울),반납,신품,잉여물품
2025-11-05,,badbergjr,박대리,대기,5610170325114372,책상,M201700084,2017-11-12,11202000,2017-11-16,커리어개발팀(서울),운용,중고품,공용전환
2017-10-18,2017-10-27,badbergjr,박대리,확정,5611210224128496,작업용의자,M201600083,2016-12-03,1134000,2016-12-13,커리어개발팀(서울),반납,중고품,공용전환
2024-02-29,2024-03-05,badbergjr,박대리,확정,5611210224128496,작업용의자,M202400066,2024-01-18,935000,2024-01-25,커리어개발팀(서울),반납,정비필요품,사업종료
2022-08-29,2022-09-09,badbergjr,박대리,확정,5611210224128496,작업용의자,M202200038,2022-07-11,270000,2022-07-16,커리어개발팀(서울),반납,신품,사업종료
2022-12-21,2022-12-26,badbergjr,박대리,확정,4411191125460962,인터랙티브화이트보드및액세서리,M202200036,2022-04-09,67692000,2022-04-15,커리어개발팀(서울),반납,중고품,공용전환
2019-08-03,2019-08-08,badbergjr,박대리,확정,5610150222528723,소파,M201800099,2018-08-14,3052000,2018-08-20,커리어개발팀(서울),반납,정비필요품,사업종료
2018-12-09,2018-12-14,badbergjr,박대리,확정,5610150222528723,소파,M201800097,2018-10-01,2376000,2018-10-07,커리어개발팀(서울),반납,신품,사업종료
2021-04-27,2021-05-06,badbergjr,박대리,확정,5610170622575869,회의용탁자,M202000090,2020-05-10,2439000,2020-05-16,커리어개발팀(서울),반납,정비필요품,사업종료
2021-01-17,2021-01-26,badbergjr,박대리,확정,5610170622575869,회의용탁자,M202000092,2020-05-10,2439000,2020-05-16,커리어개발팀(서울),반납,신품,사업종료
2020-02-13,2020-02-20,badbergjr,박대리,확정,5610170622575869,회의용탁자,M201900044,2019-08-27,1648000,2019-08-31,커리어개발팀(서울),반납,중고품,사업종료
2023-10-18,2023-10-22,badbergjr,박대리,확정,4321150324343967,노트북컴퓨터,M202200136,2022-12-29,3255000,2023-01-04,사회과학대학RC행정팀(서울),반납,중고품,사업종료
2020-06-19,2020-06-28,badbergjr,박대리,확정,4321150724355228,데스크톱컴퓨터,M201900424,2019-09-18,30381000,2019-10-04,사회과학대학RC행정팀(서울),반납,신품,사업종료
2020-07-21,2020-07-26,badbergjr,박대리,확정,4321150724355228,데스크톱컴퓨터,M201900429,2019-09-18,30381000,2019-10-04,사회과학대학RC행정팀(서울),반납,중고품,사업종료
2023-09-28,2023-10-11,badbergjr,박대리,확정,4321190224407366,액정모니터,M202200140,2022-11-02,8228000,2022-11-22,사회과학대학RC행정팀(서울),반납,신품,사업종료
2022-12-16,2022-12-19,badbergjr,박대리,확정,4321190224407366,액정모니터,M202200152,2022-11-02,8228000,2022-11-22,사회과학대학RC행정팀(서울),반납,중고품,사업종료
2023-10-08,2023-10-16,badbergjr,박대리,확정,4321190224407366,액정모니터,M202200153,2022-11-02,8228000,2022-11-22,사회과학대학RC행정팀(서울),반납,신품,잉여물품
2023-05-29,2023-06-09,badbergjr,박대리,확정,4321190224407366,액정모니터,M202200154,2022-11-02,8228000,2022-11-22,사회과학대학RC행정팀(서울),반납,신품,사업종료
2010-09-11,2010-09-18,badbergjr,박대리,확정,5610170325114372,책상,M200900568,2009-10-26,17241000,2009-11-02,사회과학대학RC행정팀(서울),반납,중고품,사업종료
2016-11-12,2016-11-15,badbergjr,박대리,확정,5610170325114372,책상,M201600346,2016-01-30,11516000,2016-02-04,사회과학대학RC행정팀(서울),반납,신품,공용전환
2016-07-18,2016-07-21,badbergjr,박대리,확정,5610170325114372,책상,M201600347,2016-01-30,11516000,2016-02-04,사회과학대학RC행정팀(서울),반납,중고품,공용전환
2021-05-23,2021-06-05,badbergjr,박대리,확정,5610170325114372,책상,M202000289,2020-05-08,53070000,2020-05-18,사회과학대학RC행정팀(서울),반납,정비필요품,사업종료
2020-09-01,2020-09-12,badbergjr,박대리,확정,5610170325114372,책상,M202000297,2020-05-08,53070000,2020-05-18,사회과학대학RC행정팀(서울),반납,중고품,사업종료
2019-05-27,,badbergjr,박대리,반려,5610170325114372,책상,M201900452,2019-03-17,75348000,2019-04-04,사회과학대학RC행정팀(서울),운용,정비필요품,사업종료
2020-01-21,2020-01-24,badbergjr,박대리,확정,5610170325114372,책상,M201900458,2019-03-17,75348000,2019-04-04,사회과학대학RC행정팀(서울),반납,중고품,공용전환
2018-08-27,2018-09-06,badbergjr,박대리,확정,5610170325114372,책상,M201800500,2018-06-25,53200000,2018-07-04,사회과학대학RC행정팀(서울),반납,중고품,사업종료
2020-04-26,2020-05-02,badbergjr,박대리,확정,5610170325114372,책상,M202000282,2020-02-25,17085000,2020-03-02,사회과학대학RC행정팀(서울),반납,신품,사업종료
2025-11-03,,badbergjr,박대리,대기,5610170325114372,책상,M202000282,2020-02-25,17085000,2020-03-02,시설팀(ERICA),운용,중고품,사업종료
2025-02-02,,badbergjr,박대리,대기,5610170325114372,책상,M201500317,2015-06-12,17652000,2015-06-19,사회과학대학RC행정팀(서울),운용,정비필요품,사업종료
2017-07-02,2017-07-15,badbergjr,박대리,확정,5610170325114372,책상,M201600351,2016-07-28,17598000,2016-07-31,사회과학대학RC행정팀(서울),반납,신품,잉여물품
2016-09-14,2016-09-21,badbergjr,박대리,확정,5610170325114372,책상,M201600360,2016-02-04,62359000,2016-02-18,사회과학대학RC행정팀(서울),반납,신품,사업종료
2019-10-18,2019-10-29,badbergjr,박대리,확정,5611210224128496,작업용의자,M201800520,2018-10-03,1176000,2018-10-16,사회과학대학RC행정팀(서울),반납,중고품,공용전환
2019-10-17,2019-10-28,badbergjr,박대리,확정,5611210224128496,작업용의자,M201900464,2019-02-03,261000,2019-02-09,사회과학대학RC행정팀(서울),반납,신품,사업종료
2019-10-04,2019-10-17,badbergjr,박대리,확정,5611210224128496,작업용의자,M201900466,2019-01-11,1392000,2019-01-28,사회과학대학RC행정팀(서울),반납,신품,사업종료
2020-01-20,2020-01-27,badbergjr,박대리,확정,5611210224128496,작업용의자,M201900469,2019-01-11,1392000,2019-01-28,사회과학대학RC행정팀(서울),반납,중고품,공용전환
2016-02-07,2016-02-15,badbergjr,박대리,확정,5611210224128496,작업용의자,M201500345,2015-04-08,1044000,2015-04-19,사회과학대학RC행정팀(서울),반납,신품,사업종료
2015-12-14,2015-12-27,badbergjr,박대리,확정,5611210224128496,작업용의자,M201500347,2015-04-08,1044000,2015-04-19,사회과학대학RC행정팀(서울),반납,중고품,사업종료
2015-10-01,2015-10-10,badbergjr,박대리,확정,5611210224128496,작업용의자,M201500352,2015-04-08,1044000,2015-04-19,사회과학대학RC행정팀(서울),반납,신품,사업종료
2014-09-19,2014-09-26,badbergjr,박대리,확정,5612179825616834,칠판보조장,M201400387,2014-01-20,20232000,2014-01-25,사회과학대학RC행정팀(서울),반납,중고품,사업종료
2017-07-10,2017-07-16,badbergjr,박대리,확정,5612179825616834,칠판보조장,M201600374,2016-12-21,10135000,2016-12-27,사회과학대학RC행정팀(서울),반납,중고품,사업종료
2015-05-04,2015-05-09,badbergjr,박대리,확정,5610150222528723,소파,M201500306,2015-03-03,2964000,2015-03-07,사회과학대학RC행정팀(서울),반납,중고품,사업종료
2024-11-20,,badbergjr,박대리,대기,5610170622575869,회의용탁자,M201900461,2019-11-13,1614000,2019-11-18,사회과학대학RC행정팀(서울),운용,중고품,사업종료
2019-05-01,2019-05-14,badbergjr,박대리,확정,5610170622575869,회의용탁자,M201800505,2018-06-03,2469000,2018-06-08,사회과학대학RC행정팀(서울),반납,중고품,사업종료
2018-08-05,2018-08-18,badbergjr,박대리,확정,5610170622575869,회의용탁자,M201800506,2018-06-03,2469000,2018-06-08,사회과학대학RC행정팀(서울),반납,신품,잉여물품
2024-12-03,,badbergjr,박대리,대기,4321150724355228,데스크톱컴퓨터,M202400276,2024-02-01,46493000,2024-02-10,자연과학대학RC행정팀(서울),운용,신품,잉여물품
2018-01-08,2018-01-12,badbergjr,박대리,확정,4321190224407366,액정모니터,M201700290,2017-01-12,982000,2017-01-19,자연과학대학RC행정팀(서울),반납,중고품,사업종료
2020-09-12,2020-09-22,badbergjr,박대리,확정,4321190224407366,액정모니터,M202000327,2020-05-29,7871000,2020-06-10,자연과학대학RC행정팀(서울),반납,중고품,공용전환
2020-07-21,2020-08-01,badbergjr,박대리,확정,4321190224407366,액정모니터,M202000338,2020-05-29,7871000,2020-06-10,자연과학대학RC행정팀(서울),반납,중고품,사업종료
2020-07-18,2020-07-22,badbergjr,박대리,확정,4321190224407366,액정모니터,M202000340,2020-05-29,7871000,2020-06-10,자연과학대학RC행정팀(서울),반납,신품,잉여물품
2020-08-14,2020-08-18,badbergjr,박대리,확정,4321190224407366,액정모니터,M201900490,2019-08-19,513000,2019-08-26,자연과학대학RC행정팀(서울),반납,중고품,사업종료
2018-10-17,2018-10-22,badbergjr,박대리,확정,5610170325114372,책상,M201800587,2018-06-25,52170000,2018-07-11,자연과학대학RC행정팀(서울),반납,신품,사업종료
2025-08-02,,badbergjr,박대리,대기,5610170325114372,책상,M200800540,2008-11-15,103132000,2008-11-23,자연과학대학RC행정팀(서울),운용,정비필요품,사업종료
2018-02-10,2018-02-23,badbergjr,박대리,확정,5610170325114372,책상,M201700331,2017-12-27,101099000,2018-01-13,자연과학대학RC행정팀(서울),반납,정비필요품,사업종료
2018-07-29,2018-08-04,badbergjr,박대리,확정,5610170325114372,책상,M201700332,2017-12-27,101099000,2018-01-13,자연과학대학RC행정팀(서울),반납,신품,사업종료
2018-08-14,2018-08-21,badbergjr,박대리,확정,5610170325114372,책상,M201700333,2017-12-27,101099000,2018-01-13,자연과학대학RC행정팀(서울),반납,신품,잉여물품
2018-04-19,2018-05-02,badbergjr,박대리,확정,5610170325114372,책상,M201700334,2017-12-27,101099000,2018-01-13,자연과학대학RC행정팀(서울),반납,신품,잉여물품
2018-12-17,2018-12-20,badbergjr,박대리,확정,5610170325114372,책상,M201700340,2017-12-27,101099000,2018-01-13,자연과학대학RC행정팀(서울),반납,신품,잉여물품
2008-11-05,2008-11-18,badbergjr,박대리,확정,5610170325114372,책상,M200700565,2007-11-27,101707000,2007-12-13,자연과학대학RC행정팀(서울),반납,중고품,사업종료
2018-12-31,2019-01-11,badbergjr,박대리,확정,5610170325114372,책상,M201800593,2018-09-28,105184000,2018-10-17,자연과학대학RC행정팀(서울),반납,신품,사업종료
2019-09-26,2019-10-03,badbergjr,박대리,확정,5610170325114372,책상,M201800597,2018-09-28,105184000,2018-10-17,자연과학대학RC행정팀(서울),반납,신품,사업종료
2019-01-05,2019-01-17,badbergjr,박대리,확정,5610170325114372,책상,M201800602,2018-09-28,105184000,2018-10-17,자연과학대학RC행정팀(서울),반납,중고품,공용전환
2019-01-16,2019-01-23,badbergjr,박대리,확정,5610170325114372,책상,M201800603,2018-09-28,105184000,2018-10-17,자연과학대학RC행정팀(서울),반납,중고품,사업종료
2019-06-21,2019-07-05,badbergjr,박대리,확정,5610170325114372,책상,M201800604,2018-09-28,105184000,2018-10-17,자연과학대학RC행정팀(서울),반납,중고품,사업종료
2024-11-09,,badbergjr,박대리,대기,5610170325114372,책상,M201800606,2018-09-28,105184000,2018-10-17,자연과학대학RC행정팀(서울),운용,중고품,사업종료
2019-06-28,2019-07-08,badbergjr,박대리,확정,5610170325114372,책상,M201800608,2018-09-28,105184000,2018-10-17,자연과학대학RC행정팀(서울),반납,신품,잉여물품
2018-01-30,2018-02-05,badbergjr,박대리,확정,5610170325114372,책상,M201700314,2017-03-26,60291000,2017-04-11,자연과학대학RC행정팀(서울),반납,신품,사업종료
2018-04-19,2018-04-25,badbergjr,박대리,확정,5610170325114372,책상,M201700318,2017-03-26,60291000,2017-04-11,자연과학대학RC행정팀(서울),반납,신품,잉여물품
2017-06-27,2017-07-02,badbergjr,박대리,확정,5610170325114372,책상,M201700322,2017-03-26,60291000,2017-04-11,자연과학대학RC행정팀(서울),반납,중고품,사업종료
2018-10-28,2018-11-01,badbergjr,박대리,확정,5611210224128496,작업용의자,M201700370,2017-11-30,1558000,2017-12-07,자연과학대학RC행정팀(서울),반납,중고품,공용전환
2016-01-26,2016-02-05,badbergjr,박대리,확정,5611210224128496,작업용의자,M201500422,2015-06-07,1680000,2015-06-20,자연과학대학RC행정팀(서울),반납,신품,잉여물품
2015-07-11,2015-07-17,badbergjr,박대리,확정,5611210224128496,작업용의자,M201500426,2015-06-07,1680000,2015-06-20,자연과학대학RC행정팀(서울),반납,중고품,공용전환
2017-07-07,2017-07-19,badbergjr,박대리,확정,5611210224128496,작업용의자,M201600463,2016-10-17,1584000,2016-10-26,자연과학대학RC행정팀(서울),반납,중고품,사업종료
2025-11-05,,badbergjr,박대리,대기,5611210224128496,작업용의자,M201400417,2014-04-30,258000,2014-05-04,자연과학대학RC행정팀(서울),운용,중고품,사업종료
2017-01-30,2017-02-09,badbergjr,박대리,확정,5611210224128496,작업용의자,M201600450,2016-01-26,1092000,2016-02-07,자연과학대학RC행정팀(서울),반납,중고품,공용전환
2010-01-14,2010-01-27,badbergjr,박대리,확정,5612179825616834,칠판보조장,M200800617,2008-12-20,47725000,2008-12-27,자연과학대학RC행정팀(서울),반납,중고품,사업종료
2016-11-19,2016-12-01,badbergjr,박대리,확정,5612179825616834,칠판보조장,M201600473,2016-09-11,49095000,2016-09-14,자연과학대학RC행정팀(서울),반납,중고품,공용전환
2014-05-29,2014-06-04,badbergjr,박대리,확정,5612179825616834,칠판보조장,M201400426,2014-03-25,29319000,2014-03-28,자연과학대학RC행정팀(서울),반납,신품,사업종료
2025-12-12,,badbergjr,박대리,대기,5610150222528723,소파,M201700301,2017-02-27,1464000,2017-03-04,자연과학대학RC행정팀(서울),운용,중고품,사업종료
2017-08-21,2017-09-01,badbergjr,박대리,확정,5610150222528723,소파,M201600387,2016-11-08,722000,2016-11-11,자연과학대학RC행정팀(서울),반납,중고품,공용전환
2018-03-25,2018-04-03,badbergjr,박대리,확정,5610150222528723,소파,M201700303,2017-11-21,1468000,2017-11-27,자연과학대학RC행정팀(서울),반납,신품,사업종료
2015-09-08,2015-09-15,badbergjr,박대리,확정,5610150222528723,소파,M201400411,2014-08-31,2175000,2014-09-06,자연과학대학RC행정팀(서울),반납,중고품,사업종료
2018-08-18,2018-08-21,badbergjr,박대리,확정,5610150222528723,소파,M201700307,2017-11-20,3004000,2017-11-24,자연과학대학RC행정팀(서울),반납,신품,사업종료
2019-07-27,2019-08-01,badbergjr,박대리,확정,5610170622575869,회의용탁자,M201800618,2018-12-17,8085000,2019-01-02,자연과학대학RC행정팀(서울),반납,중고품,공용전환
2019-11-06,2019-11-09,badbergjr,박대리,확정,5610170622575869,회의용탁자,M201800623,2018-12-17,8085000,2019-01-02,자연과학대학RC행정팀(서울),반납,중고품,공용전환
2026-01-18,,badbergjr,박대리,대기,5610170622575869,회의용탁자,M201700345,2017-08-02,11790000,2017-08-13,자연과학대학RC행정팀(서울),운용,신품,사업종료
2017-04-29,2017-05-04,badbergjr,박대리,확정,5610170622575869,회의용탁자,M201600414,2016-08-13,13806000,2016-08-28,자연과학대학RC행정팀(서울),반납,신품,잉여물품
2018-07-19,2018-07-28,badbergjr,박대리,확정,5612200222443915,실험실용보관장또는보조용품,M201800628,2018-05-05,474000,2018-05-08,자연과학대학RC행정팀(서울),반납,신품,잉여물품
2018-10-07,2018-10-10,badbergjr,박대리,확정,5612200222443915,실험실용보관장또는보조용품,M201800632,2018-02-27,741000,2018-03-02,자연과학대학RC행정팀(서울),반납,신품,사업종료
2020-10-07,2020-10-17,badbergjr,박대리,확정,5612200222443915,실험실용보관장또는보조용품,M201900513,2019-11-26,237000,2019-11-30,자연과학대학RC행정팀(서울),반납,중고품,공용전환
2026-02-05,2026-02-10,badbergjr,박대리,확정,4321150324343967,노트북컴퓨터,M202500253,2025-12-07,18792000,2025-12-14,공과대학RC행정팀(서울),반납,신품,잉여물품
2022-07-23,2022-08-05,badbergjr,박대리,확정,4321150324510198,노트북컴퓨터,M202200070,2022-07-06,1608000,2022-07-09,공과대학RC행정팀(서울),반납,중고품,사업종료
2023-01-23,2023-02-01,badbergjr,박대리,확정,4321150724355228,데스크톱컴퓨터,M202200086,2022-03-22,25460000,2022-03-31,공과대학RC행정팀(서울),반납,중고품,사업종료
2022-01-08,2022-01-18,badbergjr,박대리,확정,4321150724355228,데스크톱컴퓨터,M202100164,2021-01-26,44783000,2021-02-15,공과대학RC행정팀(서울),반납,신품,잉여물품
2021-06-26,2021-06-29,badbergjr,박대리,확정,4321150724355228,데스크톱컴퓨터,M202100171,2021-01-26,44783000,2021-02-15,공과대학RC행정팀(서울),반납,신품,사업종료
2023-02-20,2023-03-01,badbergjr,박대리,확정,4321150724355228,데스크톱컴퓨터,M202200076,2022-08-10,2610000,2022-08-17,공과대학RC행정팀(서울),반납,신품,공용전환
2023-11-14,2023-11-26,badbergjr,박대리,확정,4321190224407366,액정모니터,M202300141,2023-10-05,4850000,2023-10-21,공과대학RC행정팀(서울),반납,중고품,공용전환
2021-09-05,2021-09-17,badbergjr,박대리,확정,4321190224407366,액정모니터,M202000186,2020-09-06,6300000,2020-09-16,공과대학RC행정팀(서울),반납,중고품,사업종료
2020-12-24,2021-01-05,badbergjr,박대리,확정,4321190224407366,액정모니터,M202000194,2020-09-06,6300000,2020-09-16,공과대학RC행정팀(서울),반납,신품,사업종료
2015-03-11,2015-03-15,badbergjr,박대리,확정,5610170325114372,책상,M201500182,2015-01-09,16866000,2015-01-16,공과대학RC행정팀(서울),반납,중고품,사업종료
2015-09-17,2015-09-21,badbergjr,박대리,확정,5610170325114372,책상,M201500183,2015-01-09,16866000,2015-01-16,공과대학RC행정팀(서울),반납,신품,공용전환
2019-06-12,2019-06-16,badbergjr,박대리,확정,5610170325114372,책상,M201800320,2018-06-05,55650000,2018-06-14,공과대학RC행정팀(서울),반납,중고품,사업종료
2020-01-21,2020-01-26,badbergjr,박대리,확정,5610170325114372,책상,M201800320,2018-06-05,55650000,2018-06-14,학생지원팀(ERICA),반납,신품,잉여물품
2018-11-11,2018-11-22,badbergjr,박대리,확정,5610170325114372,책상,M201800322,2018-06-05,55650000,2018-06-14,공과대학RC행정팀(서울),반납,신품,사업종료
2021-05-11,2021-05-15,badbergjr,박대리,확정,5610170325114372,책상,M202000199,2020-07-04,5728000,2020-07-11,공과대학RC행정팀(서울),반납,중고품,사업종료
2019-05-02,2019-05-15,badbergjr,박대리,확정,5610170325114372,책상,M201900279,2019-02-19,74412000,2019-03-03,공과대학RC행정팀(서울),반납,중고품,공용전환
2010-08-16,2010-08-27,badbergjr,박대리,확정,5610170325114372,책상,M200900365,2009-09-04,106380000,2009-09-24,공과대학RC행정팀(서울),반납,신품,잉여물품
2010-10-04,2010-10-12,badbergjr,박대리,확정,5610170325114372,책상,M200900374,2009-09-04,106380000,2009-09-24,공과대학RC행정팀(서울),반납,중고품,사업종료
2011-07-12,2011-07-24,badbergjr,박대리,확정,5610170325114372,책상,M200900374,2009-09-04,106380000,2009-09-24,학생지원팀(ERICA),반납,신품,사업종료
2019-07-30,2019-08-12,badbergjr,박대리,확정,5610170325114372,책상,M201900293,2019-04-03,111440000,2019-04-11,공과대학RC행정팀(서울),반납,신품,사업종료
2016-11-22,2016-11-29,badbergjr,박대리,확정,5610170325114372,책상,M201600235,2016-04-25,56410000,2016-05-11,공과대학RC행정팀(서울),반납,중고품,공용전환
2019-04-28,2019-05-03,badbergjr,박대리,확정,5611210224128496,작업용의자,M201800356,2018-05-20,935000,2018-06-06,공과대학RC행정팀(서울),반납,신품,사업종료
2019-03-12,2019-03-22,badbergjr,박대리,확정,5611210224128496,작업용의자,M201800361,2018-05-20,935000,2018-06-06,공과대학RC행정팀(서울),반납,신품,잉여물품
2016-02-09,2016-02-17,badbergjr,박대리,확정,5611210224128496,작업용의자,M201500223,2015-01-18,1520000,2015-01-28,공과대학RC행정팀(서울),반납,중고품,사업종료
2015-04-16,2015-04-24,badbergjr,박대리,확정,5611210224128496,작업용의자,M201500230,2015-01-18,1520000,2015-01-28,공과대학RC행정팀(서울),반납,중고품,사업종료
2023-07-02,2023-07-08,badbergjr,박대리,확정,5611210224128496,작업용의자,M202300174,2023-05-29,1691000,2023-06-18,공과대학RC행정팀(서울),반납,중고품,사업종료
2019-10-22,2019-11-01,badbergjr,박대리,확정,5611210224128496,작업용의자,M201900321,2019-01-11,255000,2019-01-18,공과대학RC행정팀(서울),반납,중고품,공용전환
2018-04-29,2018-05-02,badbergjr,박대리,확정,5611210224128496,작업용의자,M201800368,2018-01-25,1204000,2018-02-08,공과대학RC행정팀(서울),반납,중고품,사업종료
2018-04-19,2018-04-22,badbergjr,박대리,확정,5611210224128496,작업용의자,M201800373,2018-01-25,1204000,2018-02-08,공과대학RC행정팀(서울),반납,중고품,사업종료
2018-05-14,2018-05-17,badbergjr,박대리,확정,5611210224128496,작업용의자,M201800377,2018-01-25,1204000,2018-02-08,공과대학RC행정팀(서울),반납,신품,잉여물품
2018-07-12,2018-07-26,badbergjr,박대리,확정,5611210224128496,작업용의자,M201800378,2018-01-25,1204000,2018-02-08,공과대학RC행정팀(서울),반납,신품,사업종료
2014-12-25,2015-01-03,badbergjr,박대리,확정,5611210224128496,작업용의자,M201400311,2014-01-08,255000,2014-01-14,공과대학RC행정팀(서울),반납,중고품,사업종료
2021-06-20,2021-06-28,badbergjr,박대리,확정,5611210824917370,책상용콤비의자,M202000218,2020-09-13,864000,2020-09-20,공과대학RC행정팀(서울),반납,신품,공용전환
2014-05-04,2014-05-14,badbergjr,박대리,확정,5612179825616834,칠판보조장,M201300164,2013-07-02,20594000,2013-07-08,공과대학RC행정팀(서울),반납,신품,공용전환
2013-09-10,2013-09-18,badbergjr,박대리,확정,5612179825616834,칠판보조장,M201200178,2012-11-26,48235000,2012-12-01,공과대학RC행정팀(서울),반납,신품,잉여물품
2020-02-15,2020-02-28,badbergjr,박대리,확정,5612179825616834,칠판보조장,M201900327,2019-11-28,49835000,2019-12-05,공과대학RC행정팀(서울),반납,신품,사업종료
2014-12-17,2014-12-26,badbergjr,박대리,확정,5610150222528723,소파,M201400297,2014-09-13,2836000,2014-09-18,공과대학RC행정팀(서울),반납,신품,사업종료
2018-10-15,2018-10-21,badbergjr,박대리,확정,5610170622575869,회의용탁자,M201700232,2017-09-30,9252000,2017-10-17,공과대학RC행정팀(서울),반납,중고품,사업종료
2025-12-09,,badbergjr,박대리,대기,5610170622575869,회의용탁자,M201700232,2017-09-30,9252000,2017-10-17,시설팀(ERICA),운용,중고품,사업종료
2020-06-05,2020-06-11,badbergjr,박대리,확정,5610170622575869,회의용탁자,M202000203,2020-04-07,13583000,2020-04-18,공과대학RC행정팀(서울),반납,중고품,사업종료
2021-01-10,2021-01-15,badbergjr,박대리,확정,5610170622575869,회의용탁자,M202000206,2020-04-07,13583000,2020-04-18,공과대학RC행정팀(서울),반납,신품,공용전환
2021-03-30,2021-04-12,badbergjr,박대리,확정,5610170622575869,회의용탁자,M202000207,2020-04-07,13583000,2020-04-18,공과대학RC행정팀(서울),반납,중고품,공용전환
2019-12-25,2019-12-29,badbergjr,박대리,확정,4410150325652906,다기능복사기,M201900268,2019-02-03,436000,2019-02-06,공과대학RC행정팀(서울),반납,중고품,공용전환
2017-09-07,2017-09-21,badbergjr,박대리,확정,4016160225676461,공기청정기,M201700192,2017-01-28,820000,2017-02-04,공과대학RC행정팀(서울),반납,신품,잉여물품
2020-07-14,2020-07-23,badbergjr,박대리,확정,5612200222443915,실험실용보관장또는보조용품,M202000223,2020-04-17,976000,2020-04-23,공과대학RC행정팀(서울),반납,신품,공용전환
2025-07-07,,badbergjr,박대리,대기,5612200222443915,실험실용보관장또는보조용품,M202000226,2020-04-17,976000,2020-04-23,공과대학RC행정팀(서울),운용,신품,잉여물품
2021-03-11,2021-03-16,badbergjr,박대리,확정,5612200222443915,실험실용보관장또는보조용품,M202000222,2020-08-03,238000,2020-08-10,공과대학RC행정팀(서울),반납,중고품,사업종료
2022-12-10,2022-12-23,badbergjr,박대리,확정,4321150324343967,노트북컴퓨터,M202200101,2022-07-04,18496000,2022-07-18,인문과학대학RC행정팀(서울),반납,중고품,공용전환
2022-12-30,2023-01-05,badbergjr,박대리,확정,4321150324510198,노트북컴퓨터,M202200122,2022-09-03,7350000,2022-09-14,인문과학대학RC행정팀(서울),반납,중고품,공용전환
2024-10-13,,badbergjr,박대리,대기,4321150724158946,데스크톱컴퓨터,M201900357,2019-10-14,9766000,2019-10-25,인문과학대학RC행정팀(서울),운용,신품,사업종료
2026-01-02,2026-01-15,badbergjr,박대리,확정,4321150724158946,데스크톱컴퓨터,M202500351,2025-10-27,9880000,2025-11-15,인문과학대학RC행정팀(서울),반납,신품,공용전환
2025-12-26,2026-01-05,badbergjr,박대리,확정,4321150724158946,데스크톱컴퓨터,M202500354,2025-10-27,9880000,2025-11-15,인문과학대학RC행정팀(서울),반납,중고품,사업종료
2020-08-28,2020-09-09,badbergjr,박대리,확정,4321190224407366,액정모니터,M202000246,2020-02-27,6945000,2020-03-07,인문과학대학RC행정팀(서울),반납,신품,사업종료
2021-01-20,2021-02-01,badbergjr,박대리,확정,4321190224407366,액정모니터,M202000253,2020-02-27,6945000,2020-03-07,인문과학대학RC행정팀(서울),반납,중고품,공용전환
2020-12-18,2020-12-31,badbergjr,박대리,확정,4321190224407366,액정모니터,M202000238,2020-02-21,5724000,2020-03-07,인문과학대학RC행정팀(서울),반납,중고품,사업종료
2020-05-15,2020-05-28,badbergjr,박대리,확정,4321190224407366,액정모니터,M202000240,2020-02-21,5724000,2020-03-07,인문과학대학RC행정팀(서울),반납,신품,잉여물품
2021-01-19,2021-02-02,badbergjr,박대리,확정,4321190224407366,액정모니터,M202000244,2020-02-21,5724000,2020-03-07,인문과학대학RC행정팀(서울),반납,중고품,사업종료
2022-04-20,2022-04-29,badbergjr,박대리,확정,4321210523858386,레이저프린터,M202100185,2021-10-21,3374000,2021-10-25,인문과학대학RC행정팀(서울),반납,신품,사업종료
2019-01-31,2019-02-05,badbergjr,박대리,확정,5610170325114372,책상,M201800419,2018-07-19,5684000,2018-07-23,인문과학대학RC행정팀(서울),반납,신품,사업종료
2015-10-24,2015-10-28,badbergjr,박대리,확정,5610170325114372,책상,M201400332,2014-11-23,73780000,2014-12-06,인문과학대학RC행정팀(서울),반납,신품,공용전환
2015-06-22,,badbergjr,박대리,반려,5610170325114372,책상,M201400333,2014-11-23,73780000,2014-12-06,인문과학대학RC행정팀(서울),운용,신품,잉여물품
2015-02-21,2015-02-24,badbergjr,박대리,확정,5610170325114372,책상,M201400335,2014-11-23,73780000,2014-12-06,인문과학대학RC행정팀(서울),반납,신품,잉여물품
2018-10-10,2018-10-19,badbergjr,박대리,확정,5610170325114372,책상,M201800424,2018-05-22,73360000,2018-05-31,인문과학대학RC행정팀(서울),반납,정비필요품,사업종료
2018-07-06,2018-07-12,badbergjr,박대리,확정,5610170325114372,책상,M201800426,2018-05-22,73360000,2018-05-31,인문과학대학RC행정팀(서울),반납,중고품,공용전환
2018-07-25,2018-07-29,badbergjr,박대리,확정,5610170325114372,책상,M201800434,2018-05-22,73360000,2018-05-31,인문과학대학RC행정팀(서울),반납,중고품,사업종료
2023-11-19,2023-11-30,badbergjr,박대리,확정,5611210224128496,작업용의자,M202300213,2023-10-18,178000,2023-10-22,인문과학대학RC행정팀(서울),반납,신품,사업종료
2019-03-23,2019-03-26,badbergjr,박대리,확정,5611210224128496,작업용의자,M201800449,2018-06-23,1260000,2018-07-11,인문과학대학RC행정팀(서울),반납,중고품,공용전환
2025-03-28,,badbergjr,박대리,대기,5611210224128496,작업용의자,M201800453,2018-06-23,1260000,2018-07-11,인문과학대학RC행정팀(서울),운용,중고품,사업종료
2019-01-04,2019-01-10,badbergjr,박대리,확정,5611210224128496,작업용의자,M201800455,2018-06-23,1260000,2018-07-11,인문과학대학RC행정팀(서울),반납,신품,사업종료
2019-01-04,2019-01-13,badbergjr,박대리,확정,5611210224128496,작업용의자,M201800460,2018-06-23,1260000,2018-07-11,인문과학대학RC행정팀(서울),반납,중고품,사업종료
2019-04-02,2019-04-15,badbergjr,박대리,확정,5611210224128496,작업용의자,M201800461,2018-06-23,1260000,2018-07-11,인문과학대학RC행정팀(서울),반납,신품,공용전환
2016-02-19,2016-02-22,badbergjr,박대리,확정,5612179825616834,칠판보조장,M201500293,2015-07-06,51355000,2015-07-12,인문과학대학RC행정팀(서울),반납,중고품,사업종료
2015-09-12,2015-09-25,badbergjr,박대리,확정,5612179825616834,칠판보조장,M201500296,2015-07-06,51355000,2015-07-12,인문과학대학RC행정팀(서울),반납,중고품,사업종료
2019-12-20,2020-01-01,badbergjr,박대리,확정,5610150222528723,소파,M201900369,2019-06-29,3690000,2019-07-06,인문과학대학RC행정팀(서울),반납,중고품,사업종료
2018-05-28,2018-06-08,badbergjr,박대리,확정,5610150222528723,소파,M201700256,2017-11-14,2202000,2017-11-21,인문과학대학RC행정팀(서울),반납,신품,공용전환
2020-07-21,2020-08-01,badbergjr,박대리,확정,5610170622575869,회의용탁자,M201900379,2019-09-15,8074000,2019-09-22,인문과학대학RC행정팀(서울),반납,신품,사업종료
2020-01-06,2020-01-19,badbergjr,박대리,확정,5610170622575869,회의용탁자,M201900383,2019-09-15,8074000,2019-09-22,인문과학대학RC행정팀(서울),반납,신품,사업종료
2020-09-14,2020-09-18,badbergjr,박대리,확정,5610170622575869,회의용탁자,M201900376,2019-10-10,2376000,2019-10-13,인문과학대학RC행정팀(서울),반납,중고품,공용전환
2026-01-06,,badbergjr,박대리,대기,5610170622575869,회의용탁자,M201500259,2015-10-03,776000,2015-10-06,인문과학대학RC행정팀(서울),운용,신품,잉여물품
